sample_code,green_g,white_g,oolong_g,black_g,green_pct,white_pct,oolong_pct,black_pct,protein_ug_g,tss_ug_g,tp_mggae_g,caffeine_pct,catechin_pct,tf_pct,tr_pct,ph,malic_acid_mg_g,citric_acid_mg_g,ascorbic_acid_mg_g,oxalic_acid_mg_g,galic_acid_mg_g,succinic_acid_mg_g,l_theanine_mg_g,tp_theanine,caf_tp,protein_tp,tf_tr,appearance_mean,appearance_std,appearance_median,infusion_color_mean,infusion_color_std,infusion_color_median,aroma_mean,aroma_std,aroma_median,taste_mean,taste_std,taste_median,solubility_mean,solubility_std,solubility_median,overall_score_mean,overall_score_std,overall_score_median,n_ratings,ratio_recomputed_tp_theanine,ratio_recomputed_caf_tp,ratio_recomputed_protein_tp,ratio_recomputed_tf_tr
S1,0.5,0.5,2.0,1.0,0.125,0.125,0.5,0.25,81.66666666666669,1834.85,43.31978162388199,5.737118630268695,0.19634112,0.29925,0.6424599999999989,4.72,3.8145,2.5607,0.5993,2.7505,2.5309,3.0914,1.9188,22.576496572796533,0.1324364624014136,1.8852049480702886,0.4657877533231649,72.06,11.465527279173582,72.7,72.095,9.912749631820521,70.4,70.61,10.026433484597234,70.0,52.985,17.526049033847936,54.05,78.0675,13.234188927884752,72.8,66.5725,6.168643862735399,67.6,20,22.576496572796533,0.1324364624014136,1.8852049480702886,0.4657877533231649
S10,1.5,0.5,0.5,1.5,0.375,0.125,0.125,0.375,90.0,2486.28,43.552096643047975,6.618438049872322,0.301689974,0.07199999999999998,1.7367599999999983,4.63,3.5381,0.8761,0.5144,2.6966,2.1465,0.2182,2.1646,20.120159217891516,0.1519660030174183,2.0664906385021604,0.04145650521661027,67.825,9.99172684089982,70.55000000000001,62.45,10.810058668714646,62.55,69.49634999999999,14.021505404856535,70.0,57.92999999999999,11.234069422496626,60.25,79.095,15.021229713484281,75.75,65.8515,6.311606080530489,68.0,20,20.120159217891516,0.1519660030174183,2.0664906385021604,0.04145650521661027
S11,0.5,1.0,0.5,2.0,0.125,0.25,0.125,0.5,66.04166666666667,2156.571,40.34614937855732,6.283169882762828,0.2770403944712431,0.15975,0.9107399999999992,4.77,4.4036,1.3387,0.3168,2.8325,2.2977,1.5419,2.3387,17.25152836129359,0.1557315872652306,1.6368765714669586,0.17540681204295425,70.955,9.590756240420143,71.85,64.55,7.807250341492636,61.95,59.989999999999995,18.02506734055601,63.55,62.205,10.031868955326427,61.45,82.33,15.385266362745613,80.45,66.062,6.962643629814,67.475,20,17.25152836129359,0.1557315872652306,1.6368765714669586,0.17540681204295425
S12,1.5,1.0,0.5,1.0,0.375,0.25,0.125,0.25,69.16666666666667,2486.28,41.01986293413869,8.652488480465642,0.36302468123282305,0.08099999999999999,0.9460400000000008,4.68,3.6872,4.7794,0.7728,4.0738,2.2867,5.9048,1.5697,26.13229466403688,0.21093411487888292,1.6861749825376149,0.08562005834848413,80.85,11.745391033350728,80.0,79.33,13.713078659286886,80.0,74.92999999999999,12.969360654614928,76.0,70.16,15.036845973877144,69.6,84.995,11.563712525327713,87.39999999999999,76.4225,10.627996605292328,74.8575,20,26.13229466403688,0.21093411487888292,1.6861749825376149,0.08562005834848413
S13,0.5,0.5,1.5,1.5,0.125,0.125,0.375,0.375,69.58333333333334,2717.71,36.35033104890231,6.65270868526885,0.18041100797043474,0.34875,1.6873400000000007,4.53,3.9981,1.0428,5.2214,2.398,2.4164,5.3474,1.4593,24.90942989714405,0.18301645386169724,1.9142420804840121,0.2066862635864733,75.295,12.27095307927156,74.1,77.10499999999999,11.963034072112572,79.05,70.075,13.021677270895955,67.65,71.045,15.001034174875729,70.69999999999999,84.125,9.888051002678887,82.80000000000001,73.77525,10.226743381808722,72.03999999999999,20,24.90942989714405,0.18301645386169724,1.9142420804840121,0.2066862635864733
S14,1.0,0.5,1.5,1.0,0.25,0.125,0.375,0.25,90.41666666666667,2226.28,36.07155302590313,7.549971104241836,0.15175627408119063,0.28575,2.350979999999999,4.68,4.0127,2.2688,6.6354,2.6987,2.3394,4.2089,1.8217,19.801039153484727,0.20930540747220314,2.5065920117644533,0.12154505780568109,75.72,8.113445630556722,74.15,73.885,10.933737021858441,74.4,73.245,13.222925665596659,70.0,67.03999999999999,10.350204676338786,69.4,81.34,14.35469481242617,79.44999999999999,72.874,6.317877016846718,72.775,20,19.801039153484727,0.20930540747220314,2.5065920117644533,0.12154505780568109
S15,0.5,2.0,0.5,1.0,0.125,0.5,0.125,0.25,106.45833333333337,2172.0,38.92902776164479,6.672904090894994,0.113872259,0.05625,1.447300000000002,4.53,3.7945,2.5135,4.0268,2.8176,2.4402,0.0481,1.9292,20.178844993595682,0.17141204069497823,2.7346774233653606,0.038865473640572044,85.19,9.406417182462528,85.60000000000001,85.39,9.783170296618147,83.55,83.56,9.785295090082872,82.5,75.965,11.065464292111741,74.30000000000001,87.69500000000001,10.84995634238124,89.0,82.28475,8.407389837611847,82.5,20,20.178844993595682,0.17141204069497823,2.7346774233653606,0.038865473640572044
S16,1.0,1.0,1.0,1.0,0.25,0.25,0.25,0.25,80.41666666666669,2515.366,29.938436519921012,5.967025796830255,0.09369696279905868,0.07199999999999998,1.2425599999999994,4.64,3.6454,2.3591,0.6726,4.337,2.4152,2.8357,1.3329,22.461127256299058,0.19930986686161117,2.6860676780217796,0.0579448879732166,85.025,13.347220290145964,86.65,81.66499999999999,17.124075849055636,82.5,80.15,15.316056246546248,80.35,80.685,17.429112819768267,84.0,89.34,10.040308235989778,90.0,82.5955,11.76081024553916,84.635,20,22.461127256299058,0.19930986686161117,2.6860676780217796,0.0579448879732166
S17,0.5,1.5,1.5,0.5,0.125,0.375,0.375,0.125,79.58333333333336,1990.57,43.41270763154838,4.820437280955679,0.2607882060328927,0.24750000000000003,0.9036800000000007,4.71,2.729,3.3591,0.3615,2.9612,2.4149,4.1038,1.5242,28.4822907961871,0.11103747137514701,1.8331805979201232,0.2738801345609063,73.535,8.501595825428737,71.35,68.64,9.136589251897817,70.0,62.07000000000001,14.68612305975664,61.349999999999994,56.620000000000005,10.270068928175395,60.0,77.47999999999999,13.272551811123112,72.9,65.49625,4.627030670845762,66.30000000000001,20,28.4822907961871,0.11103747137514701,1.8331805979201232,0.2738801345609063
S18,0.5,0.5,1.0,2.0,0.125,0.125,0.25,0.5,91.66666666666667,2117.71,44.52781972354513,7.355518668520683,0.15923462402378072,0.24525000000000002,0.8683799999999999,4.81,3.5981,4.8593,4.9734,2.9925,2.2845,4.6051,2.0115,22.136624272207374,0.16518928423147744,2.058638110641554,0.2824224417881573,77.475,11.362200722710275,78.19999999999999,77.265,12.298150267418267,81.2,76.985,11.551909160963737,73.4,73.86690625,10.430976261495685,72.25,84.07000000000001,12.084269897158388,80.19999999999999,76.9015,8.104723297981376,77.95,20,22.136624272207374,0.16518928423147744,2.058638110641554,0.2824224417881573
S19,1.0,0.5,0.5,2.0,0.25,0.125,0.125,0.5,81.66666666666669,3211.85714285714,38.32500871181322,6.965362743856421,0.12324213584887975,0.207,1.4543599999999988,4.71,4.2072,3.1298,5.5494,2.5327,2.1568,3.813,2.288,16.750440870547738,0.1817445834450504,2.1308975369259064,0.1423306471575127,80.74,10.837527393275648,80.0,83.6775,10.187278896535103,81.225,80.2525,14.163142260254624,80.85,80.66499999999999,14.501298489953815,80.0,83.25,11.773543043174119,80.0,81.13885,8.982682147068502,82.3225,20,16.750440870547738,0.1817445834450504,2.1308975369259064,0.1423306471575127
S2,1.5,0.5,1.5,0.5,0.375,0.125,0.375,0.125,44.58333333333334,2103.42,43.73794865838076,5.884042790534184,0.1385469773607517,0.22725,0.6283399999999998,5.16,3.8945,3.5046,0.9612,2.3276,2.216,2.646,2.2565,19.383092691504878,0.134529464024297,1.019328402471628,0.36166725021485197,70.51,8.025610322750017,70.0,72.58,11.4408133682145,70.8,59.975,14.648688642583965,60.0,59.419500000000006,15.866964182490019,56.6,77.615,14.906666647051443,72.5,65.4635,3.9954283414396206,65.9,20,19.383092691504878,0.134529464024297,1.019328402471628,0.36166725021485197
S20,1.0,1.5,0.5,1.0,0.25,0.375,0.125,0.25,70.00000000000001,2669.142,44.597514229294916,6.794854174635831,0.1439578803,0.2925,1.412,4.85,3.7545,7.5016,4.6014,3.4193,2.4701,2.5316,1.8607,23.968137920833513,0.15235948218325748,1.5695942074282445,0.2071529745042493,82.95,11.211014320981983,82.44999999999999,84.67999999999999,13.719429173333172,83.4,84.41499999999999,11.469560400881702,82.35,77.14,12.87602423110488,76.75,88.265,9.63187007037738,88.5,82.27525,8.183038374557078,81.63,20,23.968137920833513,0.15235948218325748,1.5695942074282445,0.2071529745042493
S21,1.0,1.0,0.5,1.5,0.25,0.25,0.125,0.375,118.125,2137.71428571429,45.8520153327913,6.897022346397594,0.08368454351602957,0.12375,0.7977799999999999,4.87,3.8309,4.0891,4.9034,3.6303,2.3937,10.1945,2.6977,16.99670657700682,0.15041917560960846,2.5762226402188766,0.15511795231768158,75.26,10.398704372736969,72.95,78.5,7.705158900646406,80.75,77.135,11.578349805154717,78.55,72.9608875,9.44475883426017,72.3,83.61,10.187241762952425,81.1,76.19525,6.76977172028251,74.49000000000001,20,16.99670657700682,0.15041917560960846,2.5762226402188766,0.15511795231768158
S22,0.5,1.0,2.0,0.5,0.125,0.25,0.5,0.125,80.20833333333336,2883.42,38.789638750145194,7.987435635861756,0.18057168872121554,0.38475000000000004,0.4306599999999996,4.6,3.6581,4.7135,5.1148,3.2198,2.3943,5.8213,1.6461,23.564570044435452,0.20591673171567904,2.067777270367931,0.8933961826034468,75.89500000000001,12.204635659410211,78.15,76.53,12.733548726018787,80.35,78.21000000000001,11.672049384838346,80.0,74.125,11.113333622749131,74.95,84.925,11.508480854524084,82.25,76.90775,8.013232555394989,76.82,20,23.564570044435452,0.20591673171567904,2.067777270367931,0.8933961826034468
S23,0.5,2.0,1.0,0.5,0.125,0.5,0.25,0.125,88.54166666666667,2834.857,45.43384829829248,7.61988036173974,0.17356868599968533,0.21825,0.5012600000000004,4.97,4.3945,4.7713,6.1508,3.8258,2.622,4.3924,2.288,19.85745117932364,0.1677137343002951,1.9488040301000498,0.4354027849818454,80.155,11.20650539454181,80.0,81.41,10.351043679898073,80.30000000000001,79.30499999999999,12.131753680668803,80.0,74.71000000000001,15.788000106676622,76.0,86.45,9.691314613991663,85.15,79.0595,8.376119233932421,78.455,20,19.85745117932364,0.1677137343002951,1.9488040301000498,0.4354027849818454
S24,0.5,1.5,1.0,1.0,0.125,0.375,0.25,0.25,127.9166666666667,2549.14,44.992449761877104,8.94026446855583,0.0432652337068045,0.33299999999999996,1.863840000000003,4.71,3.2018,5.603,4.4774,2.7375,2.2314,3.7141,2.2671,19.84581613597861,0.1987058832286806,2.8430696115385286,0.17866340458408417,85.22,9.546319213514483,87.7,82.41499999999999,11.91961121760888,83.1,80.25,10.859654932968995,80.0,78.92,13.821554486419123,80.35,86.205,8.53269100515621,84.6,81.904,8.290495128379497,83.48,20,19.84581613597861,0.1987058832286806,2.8430696115385286,0.17866340458408417
S25,2.0,0.5,1.0,0.5,0.5,0.125,0.25,0.125,74.79166666666669,2846.28,50.449322,8.652695227289176,0.2732872,0.17100000000000004,2.541599999999999,4.79,4.0054,4.3753,4.4161,2.4719,2.2213,5.3924,1.5733,32.065926396745695,0.17151261670650747,1.482510838632612,0.06728045325779042,67.59,11.474956713597983,69.6,66.675,10.236203809081406,69.55,61.725,15.152379524786125,59.4,46.464999999999996,11.843198136705439,46.550000000000004,79.17999999999999,12.87411110881467,75.05000000000001,60.85125000000001,6.654044847229942,61.96,20,32.065926396745695,0.17151261670650747,1.482510838632612,0.06728045325779042
S26,2.0,1.0,0.5,0.5,0.5,0.25,0.125,0.125,74.58333333333334,1874.8571428571424,54.95573821,8.914612910562719,0.317593111,0.10799999999999998,1.8497200000000007,4.93,3.989,4.1493,0.4058,2.6095,2.2171,4.745,1.9509,28.16942857655441,0.16221441474405623,1.3571527880915957,0.05838721536232508,69.42,10.640073209087276,70.0,67.715,9.530465002186132,69.55,64.05,14.088909412053603,61.75,44.660000000000004,12.05659461391195,46.7,83.41499999999999,14.380772067700601,82.19999999999999,61.74925,7.562552874978269,62.015,20,28.16942857655441,0.16221441474405623,1.3571527880915957,0.05838721536232508
S27,1.5,1.0,1.0,0.5,0.375,0.25,0.25,0.125,75.00000000000001,1867.71,44.8013706586131,9.85529686126935,0.249911542,0.23850000000000002,0.26827999999999946,4.73,5.0181,2.3347,0.4145,2.2518,2.3213,5.8976,1.8247,24.552732316881187,0.21997757471231877,1.6740559250184726,0.8889965707469826,68.405,9.177918293955678,69.55,68.235,9.376581971789305,67.65,63.226099999999995,11.989600888401492,60.95,48.56,12.580410837572254,49.0,82.295,15.529987121694596,77.9,62.5225,4.493088991352223,63.230000000000004,20,24.552732316881187,0.21997757471231877,1.6740559250184726,0.8889965707469826
S28,2.0,0.5,0.5,1.0,0.5,0.125,0.125,0.25,74.79166666666669,1774.85714285714,40.7316761528633,8.71947632,0.207915442,0.32175000000000004,1.5602599999999998,4.91,4.3963,5.1542,0.6578,2.3299,2.3609,2.7346,1.9275,21.13186830239341,0.21407113930878707,1.8362039997072175,0.20621563072821203,70.8865,11.129934163043563,70.5,69.65395,9.360532005095704,70.6,64.9211,13.46770011194425,67.2,44.745,11.938283179048733,47.2,81.71000000000001,14.477128968061823,82.0,62.49425,4.921688112993241,62.285000000000004,20,21.13186830239341,0.21407113930878707,1.8362039997072175,0.20621563072821203
S29,1.0,1.0,1.5,0.5,0.25,0.25,0.375,0.125,73.95833333333334,2709.14,50.45185271227785,8.887749919877594,0.268219961,0.17100000000000004,2.0615200000000002,5.03,4.0581,3.1721,0.8948,3.0578,2.4109,4.6512,2.3127,21.815130675088792,0.17616300377636462,1.4659190764531629,0.08294850401645389,72.58,8.803085583445938,70.0,71.84,9.719129265742408,70.9,53.94500000000001,12.271253313934027,52.449999999999996,50.2,13.0487345625624,51.45,79.61,14.13278755980314,73.5,63.32725000000001,4.3856312859514075,64.3375,20,21.815130675088792,0.17616300377636462,1.4659190764531629,0.08294850401645389
S3,1.0,2.0,0.5,0.5,0.25,0.5,0.125,0.125,60.208333333333336,3412.0,31.427575792775,6.205592836023035,0.1592467223,0.13724999999999998,0.6001000000000005,5.04,3.7127,5.5298,2.0148,2.8983,2.3487,8.9305,2.8047,11.205325272854493,0.1974569364478205,1.9157803875911692,0.22871188135310758,76.465,11.090929200311209,77.1,79.015,10.66964582848293,80.1,73.8,8.678163764056857,71.25,73.47,7.628623384126527,75.15,83.55,10.912643560278333,84.25,75.8515,6.062731948899813,73.0,20,11.205325272854493,0.1974569364478205,1.9157803875911692,0.22871188135310758
S30,1.5,0.5,1.0,1.0,0.375,0.125,0.25,0.25,75.00000000000001,1862.0,42.44839447,7.860711580013854,0.318378114,0.225,2.103879999999998,4.89,4.2309,3.0526,4.283,2.8903,2.4152,2.1739,2.0823,20.38534047447534,0.18518277730314012,1.7668512775672955,0.10694526303781596,72.74117647058823,6.016753570606974,73.2,67.5529411764706,9.768131707692293,68.2,64.68823529411765,9.527058986968456,61.0,51.65294117647059,13.001447883171457,52.800000000000004,73.37058823529412,10.621309047492824,71.0,63.92941176470588,3.652058016701397,64.35,17,20.38534047447534,0.18518277730314012,1.7668512775672955,0.10694526303781596
S4,1.5,1.5,0.5,0.5,0.375,0.375,0.125,0.125,64.58333333333334,2973.42,40.2660006969451,8.39024188179102,0.34167991724941,0.08324999999999999,0.99546,5.1,3.32,5.3404,0.3344,2.6522,2.2118,3.3275,1.7663,22.796807279026837,0.2083703803846497,1.603917255637289,0.08362967874148634,71.7215,10.99574476307707,70.55000000000001,70.84,12.723637348196517,72.15,63.614999999999995,16.87842830672522,66.5,60.83,14.518703001373959,61.85,74.22,9.151680892486079,76.1,66.58485,9.197891687915856,69.95,20,22.796807279026837,0.2083703803846497,1.603917255637289,0.08362967874148634
S5,1.0,0.5,2.0,0.5,0.25,0.125,0.5,0.125,127.9166666666667,2094.85,42.62283656638402,7.872148438388455,0.16731552678179887,0.387,2.28744,4.53,3.6672,4.6298,0.7087,2.6778,2.6394,5.7151,1.7,25.072256803755305,0.1846932084430321,3.0011298395741366,0.16918476550204595,74.88,9.0711572986495,74.65,74.4555,8.615251149468657,75.75,72.99,7.15415962919475,70.69999999999999,69.63,10.176862302094367,68.55,80.13,13.282481537328547,78.65,73.27425000000001,6.472166983362399,73.07499999999999,20,25.072256803755305,0.1846932084430321,3.0011298395741366,0.16918476550204595
S6,1.0,0.5,1.0,1.5,0.25,0.125,0.25,0.375,85.83333333333334,2729.14,45.96817284237426,7.380549130542662,0.18632272059291,0.21825,1.1084200000000002,4.91,4.9345,0.8217,0.741,2.9513,2.3243,1.7708,1.7787,25.843690809228235,0.16055780933148475,1.8672339583228048,0.19690189639306396,71.825,7.3386414202314585,71.19999999999999,69.005,6.278742331323837,70.0,61.425,9.864496412573946,62.15,57.995000000000005,14.655858358026196,60.7,81.325,11.81327865715437,79.15,65.738,6.830253212536739,68.425,20,25.843690809228235,0.16055780933148475,1.8672339583228048,0.19690189639306396
S7,0.5,1.0,1.0,1.5,0.125,0.25,0.25,0.375,62.91666666666667,2877.71,41.04309443605529,9.015893010741573,0.30770363774524734,0.27449999999999997,0.3671199999999987,4.75,3.7763,5.1054,0.4266,2.5359,2.3784,2.7502,1.6297,25.184447711882736,0.21966893906569934,1.5329415954415955,0.7477119198082396,77.5625,10.260769374559336,79.55,79.285,12.099729227070375,80.0,78.41499999999999,13.857936164409262,80.0,69.64916665,14.139732364770529,71.6916665,85.215,12.224663379285424,84.65,76.3335,8.671664852598347,75.4,20,25.184447711882736,0.21966893906569934,1.5329415954415955,0.7477119198082396
S8,1.0,1.5,1.0,0.5,0.25,0.375,0.25,0.125,116.875,3103.4285714285716,47.617609478452785,6.2653168246714985,0.324931142,0.25649999999999995,0.5506800000000005,4.91,4.0218,2.133,4.7188,2.941,2.3557,9.8996,2.0106,23.683283337537443,0.13157562702736236,2.4544491267014683,0.4657877533231636,76.675,8.311999886024013,74.55,78.565,8.95922194695146,76.05000000000001,69.7,14.891396315004389,69.95,69.035,16.286522519846695,72.45,82.11,11.935700539491638,78.7,73.36075,9.100328547423587,73.37,20,23.683283337537443,0.13157562702736236,2.4544491267014683,0.4657877533231636
S9,0.5,0.5,0.5,2.5,0.125,0.125,0.125,0.625,123.125,2057.71,31.425252642583345,6.233367392248287,0.1172647152,0.3645,1.6238000000000012,4.51,2.961,1.1034,0.523,2.9774,2.4386,0.8312,2.0857,15.067005150588935,0.1983553629033248,3.9180273711835585,0.22447345732233015,77.795,10.268627489899304,77.19999999999999,75.34,9.542392947154019,77.3,73.83,15.71680629135576,75.4,73.795,11.214909014812664,72.5,81.52000000000001,10.88304330502031,80.0,75.72725,8.738401256131347,73.725,20,15.067005150588935,0.1983553629033248,3.9180273711835585,0.22447345732233015
