sample_code,target,model,y_true,y_pred,abs_error,signed_error,task,feature_set
S1,protein_ug_g,gpr,81.66666666666669,84.27442833809343,2.6077616714267435,2.6077616714267435,recipe_to_chemistry,
S10,protein_ug_g,gpr,90.0,83.98706861313622,6.012931386863784,-6.012931386863784,recipe_to_chemistry,
S11,protein_ug_g,gpr,66.04166666666667,84.81321951226116,18.771552845594485,18.771552845594485,recipe_to_chemistry,
S12,protein_ug_g,gpr,69.16666666666667,84.7054595874358,15.538792920769126,15.538792920769126,recipe_to_chemistry,
S13,protein_ug_g,gpr,69.58333333333334,84.69109204332399,15.107758709990648,15.107758709990648,recipe_to_chemistry,
S14,protein_ug_g,gpr,90.41666666666669,83.97270051126334,6.443966155403345,-6.443966155403345,recipe_to_chemistry,
S15,protein_ug_g,gpr,106.45833333333336,83.41953988810356,23.0387934452298,-23.0387934452298,recipe_to_chemistry,
S16,protein_ug_g,gpr,80.41666666666669,84.31752913074553,3.900862464078841,3.900862464078841,recipe_to_chemistry,
S17,protein_ug_g,gpr,79.58333333333336,84.34626961740103,4.762936284067678,4.762936284067678,recipe_to_chemistry,
S18,protein_ug_g,gpr,91.66666666666669,83.92959764943826,7.737069017228421,-7.737069017228421,recipe_to_chemistry,
S19,protein_ug_g,gpr,81.66666666666669,84.2744268041289,2.607760137462208,2.607760137462208,recipe_to_chemistry,
S2,protein_ug_g,gpr,44.58333333333334,85.5531608667084,40.96982753337505,40.96982753337505,recipe_to_chemistry,
S20,protein_ug_g,gpr,70.00000000000001,84.67672618524144,14.67672618524142,14.67672618524142,recipe_to_chemistry,
S21,protein_ug_g,gpr,118.125,83.01719953253865,35.107800467461345,-35.107800467461345,recipe_to_chemistry,
S22,protein_ug_g,gpr,80.20833333333336,84.32471356592299,4.116380232589634,4.116380232589634,recipe_to_chemistry,
S23,protein_ug_g,gpr,88.54166666666667,84.03736205515013,4.504304611516545,-4.504304611516545,recipe_to_chemistry,
S24,protein_ug_g,gpr,127.9166666666667,82.67959791809437,45.23706874857233,-45.23706874857233,recipe_to_chemistry,
S25,protein_ug_g,gpr,74.79166666666669,84.51149392473569,9.719827258069005,9.719827258069005,recipe_to_chemistry,
S26,protein_ug_g,gpr,74.58333333333334,84.51867789097587,9.935344557642525,9.935344557642525,recipe_to_chemistry,
S27,protein_ug_g,gpr,75.00000000000001,84.50430994317959,9.504309943179578,9.504309943179578,recipe_to_chemistry,
S28,protein_ug_g,gpr,74.79166666666669,84.511493868658,9.719827201991308,9.719827201991308,recipe_to_chemistry,
S29,protein_ug_g,gpr,73.95833333333334,84.5402304383384,10.581897105005057,10.581897105005057,recipe_to_chemistry,
S3,protein_ug_g,gpr,60.208333333333336,85.01436833962417,24.806035006290838,24.806035006290838,recipe_to_chemistry,
S30,protein_ug_g,gpr,75.00000000000001,84.50430974446496,9.504309744464948,9.504309744464948,recipe_to_chemistry,
S4,protein_ug_g,gpr,64.58333333333334,84.8635053917391,20.280172058405757,20.280172058405757,recipe_to_chemistry,
S5,protein_ug_g,gpr,127.9166666666667,82.679597639864,45.2370690268027,-45.2370690268027,recipe_to_chemistry,
S6,protein_ug_g,gpr,85.83333333333334,84.13074712370774,1.7025862096256077,-1.7025862096256077,recipe_to_chemistry,
S7,protein_ug_g,gpr,62.91666666666667,84.92098356194663,22.00431689527996,22.00431689527996,recipe_to_chemistry,
S8,protein_ug_g,gpr,116.875,83.0603451988137,33.81465480118629,-33.81465480118629,recipe_to_chemistry,
S9,protein_ug_g,gpr,123.125,82.84482743825035,40.28017256174965,-40.28017256174965,recipe_to_chemistry,
S1,tss_ug_g,ridge_a,1834.85,2397.55217665101,562.7021766510102,562.7021766510102,recipe_to_chemistry,
S10,tss_ug_g,ridge_a,2486.28,2273.956096543639,212.3239034563612,-212.3239034563612,recipe_to_chemistry,
S11,tss_ug_g,ridge_a,2156.571,2566.8656784295704,410.29467842957047,410.29467842957047,recipe_to_chemistry,
S12,tss_ug_g,ridge_a,2486.28,2441.525390070457,44.75460992954322,-44.75460992954322,recipe_to_chemistry,
S13,tss_ug_g,ridge_a,2717.71,2256.7139183309605,460.99608166903954,-460.99608166903954,recipe_to_chemistry,
S14,tss_ug_g,ridge_a,2226.28,2288.364269718491,62.08426971849076,62.08426971849076,recipe_to_chemistry,
S15,tss_ug_g,ridge_a,2172.0,2954.3849298060395,782.3849298060395,782.3849298060395,recipe_to_chemistry,
S16,tss_ug_g,ridge_a,2515.366,2450.3567321868013,65.00926781319868,-65.00926781319868,recipe_to_chemistry,
S17,tss_ug_g,ridge_a,1990.57,2702.114580599537,711.5445805995375,711.5445805995375,recipe_to_chemistry,
S18,tss_ug_g,ridge_a,2117.71,2372.4723429902465,254.76234299024645,254.76234299024645,recipe_to_chemistry,
S19,tss_ug_g,ridge_a,3211.85714285714,2187.321430990067,1024.5357118670731,-1024.5357118670731,recipe_to_chemistry,
S2,tss_ug_g,ridge_a,2103.42,2275.1237208118296,171.7037208118295,171.7037208118295,recipe_to_chemistry,
S20,tss_ug_g,ridge_a,2669.142,2617.479626699917,51.66237330008289,-51.66237330008289,recipe_to_chemistry,
S21,tss_ug_g,ridge_a,2137.71428571429,2501.9363483035177,364.2220625892278,364.2220625892278,recipe_to_chemistry,
S22,tss_ug_g,ridge_a,2883.42,2333.9650761710486,549.4549238289515,-549.4549238289515,recipe_to_chemistry,
S23,tss_ug_g,ridge_a,2834.857,2763.631731592984,71.2252684070163,-71.2252684070163,recipe_to_chemistry,
S24,tss_ug_g,ridge_a,2549.14,2637.374966192644,88.2349661926437,88.2349661926437,recipe_to_chemistry,
S25,tss_ug_g,ridge_a,2846.28,2114.656720078935,731.6232799210652,-731.6232799210652,recipe_to_chemistry,
S26,tss_ug_g,ridge_a,1874.8571428571424,2529.9826219780657,655.1254791209233,655.1254791209233,recipe_to_chemistry,
S27,tss_ug_g,ridge_a,1867.71,2468.0192607864583,600.3092607864583,600.3092607864583,recipe_to_chemistry,
S28,tss_ug_g,ridge_a,1774.85714285714,2376.9988363758134,602.1416935186735,602.1416935186735,recipe_to_chemistry,
S29,tss_ug_g,ridge_a,2709.14,2405.1992814891696,303.94071851083027,-303.94071851083027,recipe_to_chemistry,
S3,tss_ug_g,ridge_a,3412.0,2625.331036629629,786.6689633703709,-786.6689633703709,recipe_to_chemistry,
S30,tss_ug_g,ridge_a,1862.0,2312.134540364776,450.13454036477606,450.13454036477606,recipe_to_chemistry,
S4,tss_ug_g,ridge_a,2973.42,2536.108467471635,437.3115325283652,-437.3115325283652,recipe_to_chemistry,
S5,tss_ug_g,ridge_a,2094.85,2297.5781019375327,202.7281019375328,202.7281019375328,recipe_to_chemistry,
S6,tss_ug_g,ridge_a,2729.14,2274.96149071352,454.1785092864802,-454.1785092864802,recipe_to_chemistry,
S7,tss_ug_g,ridge_a,2877.71,2450.57663993657,427.1333600634303,-427.1333600634303,recipe_to_chemistry,
S8,tss_ug_g,ridge_a,3103.428571428572,2555.595286967364,547.8332844612087,-547.8332844612087,recipe_to_chemistry,
S9,tss_ug_g,ridge_a,2057.71,2457.3705790064487,399.66057900644864,399.66057900644864,recipe_to_chemistry,
S1,tp_mggae_g,gpr,43.31978162388199,42.07190695633242,1.247874667549567,-1.247874667549567,recipe_to_chemistry,
S10,tp_mggae_g,gpr,43.552096643047975,42.063896143002296,1.4882005000456786,-1.4882005000456786,recipe_to_chemistry,
S11,tp_mggae_g,gpr,40.34614937855732,42.17444560939585,1.828296230838532,1.828296230838532,recipe_to_chemistry,
S12,tp_mggae_g,gpr,41.01986293413869,42.151214868202,1.1313519340633107,1.1313519340633107,recipe_to_chemistry,
S13,tp_mggae_g,gpr,36.35033104890231,42.31223293625642,5.961901887354109,5.961901887354109,recipe_to_chemistry,
S14,tp_mggae_g,gpr,36.07155302590313,42.32184606590486,6.250293040001729,6.250293040001729,recipe_to_chemistry,
S15,tp_mggae_g,gpr,38.92902776164479,42.22331223109723,3.2942844694524425,3.2942844694524425,recipe_to_chemistry,
S16,tp_mggae_g,gpr,29.93843651992101,42.53333338238667,12.594896862465664,12.594896862465664,recipe_to_chemistry,
S17,tp_mggae_g,gpr,43.41270763154838,42.06870275343759,1.3440048781107876,-1.3440048781107876,recipe_to_chemistry,
S18,tp_mggae_g,gpr,44.52781972354513,42.03025044348969,2.497569280055437,-2.497569280055437,recipe_to_chemistry,
S19,tp_mggae_g,gpr,38.32500871181322,42.24414060607175,3.919131894258534,3.919131894258534,recipe_to_chemistry,
S2,tp_mggae_g,gpr,43.73794865838076,42.05748751807859,1.680461140302171,-1.680461140302171,recipe_to_chemistry,
S20,tp_mggae_g,gpr,44.59751422929492,42.027847158743306,2.569667070551617,-2.569667070551617,recipe_to_chemistry,
S21,tp_mggae_g,gpr,45.8520153327913,41.98458800636763,3.867427326423666,-3.867427326423666,recipe_to_chemistry,
S22,tp_mggae_g,gpr,38.7896387501452,42.22811892261478,3.438480172469582,3.438480172469582,recipe_to_chemistry,
S23,tp_mggae_g,gpr,45.43384829829248,41.99900818424044,3.434840114052044,-3.434840114052044,recipe_to_chemistry,
S24,tp_mggae_g,gpr,44.992449761877104,42.014228892296025,2.9782208695810795,-2.9782208695810795,recipe_to_chemistry,
S25,tp_mggae_g,gpr,50.449322,41.8260608688601,8.623261131139905,-8.623261131139905,recipe_to_chemistry,
S26,tp_mggae_g,gpr,54.95573821,41.67066719659069,13.285071013409308,-13.285071013409308,recipe_to_chemistry,
S27,tp_mggae_g,gpr,44.8013706586131,42.02081778855796,2.780552870055139,-2.780552870055139,recipe_to_chemistry,
S28,tp_mggae_g,gpr,40.7316761528633,42.16115220808781,1.4294760552245125,1.4294760552245125,recipe_to_chemistry,
S29,tp_mggae_g,gpr,50.45185271227785,41.825973462171255,8.625879250106593,-8.625879250106593,recipe_to_chemistry,
S3,tp_mggae_g,gpr,31.427575792775,42.48198312100797,11.054407328232973,11.054407328232973,recipe_to_chemistry,
S30,tp_mggae_g,gpr,42.44839447,42.10195496336299,0.3464395066370045,-0.3464395066370045,recipe_to_chemistry,
S4,tp_mggae_g,gpr,40.2660006969451,42.17721199978698,1.9112113028418776,1.9112113028418776,recipe_to_chemistry,
S5,tp_mggae_g,gpr,42.62283656638402,42.095939629718025,0.5268969366659917,-0.5268969366659917,recipe_to_chemistry,
S6,tp_mggae_g,gpr,45.96817284237426,41.98058305852901,3.987589783845245,-3.987589783845245,recipe_to_chemistry,
S7,tp_mggae_g,gpr,41.04309443605529,42.15041349911298,1.1073190630576877,1.1073190630576877,recipe_to_chemistry,
S8,tp_mggae_g,gpr,47.61760947845279,41.92370590043696,5.693903578015828,-5.693903578015828,recipe_to_chemistry,
S9,tp_mggae_g,gpr,31.425252642583345,42.482063225410776,11.056810582827431,11.056810582827431,recipe_to_chemistry,
S1,caffeine_pct,pls,5.737118630268695,7.191691712171353,1.454573081902658,1.454573081902658,recipe_to_chemistry,
S10,caffeine_pct,pls,6.618438049872322,7.911617847104271,1.2931797972319492,1.2931797972319492,recipe_to_chemistry,
S11,caffeine_pct,pls,6.283169882762828,6.769770312011343,0.4866004292485151,0.4866004292485151,recipe_to_chemistry,
S12,caffeine_pct,pls,8.652488480465642,7.784324497773917,0.8681639826917253,-0.8681639826917253,recipe_to_chemistry,
S13,caffeine_pct,pls,6.65270868526885,6.8260010853487865,0.1732924000799363,0.1732924000799363,recipe_to_chemistry,
S14,caffeine_pct,pls,7.549971104241836,7.36785435907333,0.1821167451685053,-0.1821167451685053,recipe_to_chemistry,
S15,caffeine_pct,pls,6.672904090894994,6.948661570827991,0.2757574799329969,0.2757574799329969,recipe_to_chemistry,
S16,caffeine_pct,pls,5.967025796830255,7.428183266628587,1.4611574697983327,1.4611574697983327,recipe_to_chemistry,
S17,caffeine_pct,pls,4.820437280955679,7.35302563110276,2.5325883501470807,2.5325883501470807,recipe_to_chemistry,
S18,caffeine_pct,pls,7.355518668520683,6.582561141506257,0.7729575270144267,-0.7729575270144267,recipe_to_chemistry,
S19,caffeine_pct,pls,6.965362743856421,7.210202824082191,0.2448400802257699,0.2448400802257699,recipe_to_chemistry,
S2,caffeine_pct,pls,5.884042790534184,8.287091650191451,2.4030488596572672,2.4030488596572672,recipe_to_chemistry,
S20,caffeine_pct,pls,6.794854174635831,7.431238217029517,0.6363840423936864,0.6363840423936864,recipe_to_chemistry,
S21,caffeine_pct,pls,6.897022346397594,7.305713248434075,0.408690902036481,0.408690902036481,recipe_to_chemistry,
S22,caffeine_pct,pls,7.987435635861756,6.776784527125574,1.210651108736181,-1.210651108736181,recipe_to_chemistry,
S23,caffeine_pct,pls,7.61988036173974,6.847988809056374,0.7718915526833658,-0.7718915526833658,recipe_to_chemistry,
S24,caffeine_pct,pls,8.94026446855583,6.688572543903738,2.251691924652092,-2.251691924652092,recipe_to_chemistry,
S25,caffeine_pct,pls,8.652695227289176,8.396234131352744,0.2564610959364319,-0.2564610959364319,recipe_to_chemistry,
S26,caffeine_pct,pls,8.914612910562719,8.332235277909888,0.5823776326528307,-0.5823776326528307,recipe_to_chemistry,
S27,caffeine_pct,pls,9.85529686126935,7.79829490245258,2.0570019588167696,-2.0570019588167696,recipe_to_chemistry,
S28,caffeine_pct,pls,8.71947632,8.252597064530923,0.4668792554690775,-0.4668792554690775,recipe_to_chemistry,
S29,caffeine_pct,pls,8.887749919877594,7.356562922661011,1.531186997216583,-1.531186997216583,recipe_to_chemistry,
S3,caffeine_pct,pls,6.205592836023035,7.76486281223463,1.559269976211595,1.559269976211595,recipe_to_chemistry,
S30,caffeine_pct,pls,7.860711580013854,7.861599273444881,0.0008876934310269,0.0008876934310269,recipe_to_chemistry,
S4,caffeine_pct,pls,8.39024188179102,7.888548060872141,0.501693820918879,-0.501693820918879,recipe_to_chemistry,
S5,caffeine_pct,pls,7.872148438388455,7.394097852197104,0.4780505861913502,-0.4780505861913502,recipe_to_chemistry,
S6,caffeine_pct,pls,7.380549130542662,7.271934084629491,0.1086150459131713,-0.1086150459131713,recipe_to_chemistry,
S7,caffeine_pct,pls,9.015893010741571,6.609609423826229,2.4062835869153423,-2.4062835869153423,recipe_to_chemistry,
S8,caffeine_pct,pls,6.2653168246714985,7.586949668453864,1.321632843782366,1.321632843782366,recipe_to_chemistry,
S9,caffeine_pct,pls,6.233367392248287,6.719552249800376,0.4861848575520895,0.4861848575520895,recipe_to_chemistry,
S1,catechin_pct,random_forest,0.19634112,0.161817571688393,0.034523548311607,-0.034523548311607,recipe_to_chemistry,
S10,catechin_pct,random_forest,0.301689974,0.2472608185089021,0.0544291554910979,-0.0544291554910979,recipe_to_chemistry,
S11,catechin_pct,random_forest,0.2770403944712431,0.1469348622408838,0.1301055322303592,-0.1301055322303592,recipe_to_chemistry,
S12,catechin_pct,random_forest,0.363024681232823,0.2425259407920321,0.1204987404407909,-0.1204987404407909,recipe_to_chemistry,
S13,catechin_pct,random_forest,0.1804110079704347,0.1870460884244773,0.0066350804540426,0.0066350804540426,recipe_to_chemistry,
S14,catechin_pct,random_forest,0.1517562740811906,0.1695509743262173,0.0177947002450267,0.0177947002450267,recipe_to_chemistry,
S15,catechin_pct,random_forest,0.113872259,0.163496793232593,0.049624534232593,0.049624534232593,recipe_to_chemistry,
S16,catechin_pct,random_forest,0.0936969627990586,0.1915023973468861,0.0978054345478275,0.0978054345478275,recipe_to_chemistry,
S17,catechin_pct,random_forest,0.2607882060328927,0.2033982321618187,0.0573899738710739,-0.0573899738710739,recipe_to_chemistry,
S18,catechin_pct,random_forest,0.1592346240237807,0.1897100219037255,0.0304753978799448,0.0304753978799448,recipe_to_chemistry,
S19,catechin_pct,random_forest,0.1232421358488797,0.1718752996505367,0.048633163801657,0.048633163801657,recipe_to_chemistry,
S2,catechin_pct,random_forest,0.1385469773607517,0.2836524944501378,0.1451055170893861,0.1451055170893861,recipe_to_chemistry,
S20,catechin_pct,random_forest,0.1439578803,0.1510014202087318,0.0070435399087318,0.0070435399087318,recipe_to_chemistry,
S21,catechin_pct,random_forest,0.0836845435160295,0.1917637234050046,0.1080791798889751,0.1080791798889751,recipe_to_chemistry,
S22,catechin_pct,random_forest,0.1805716887212155,0.2248626501769665,0.044290961455751,0.044290961455751,recipe_to_chemistry,
S23,catechin_pct,random_forest,0.1735686859996853,0.2241609149612371,0.0505922289615518,0.0505922289615518,recipe_to_chemistry,
S24,catechin_pct,random_forest,0.0432652337068045,0.2036021110982249,0.1603368773914204,0.1603368773914204,recipe_to_chemistry,
S25,catechin_pct,random_forest,0.2732872,0.262708117577225,0.0105790824227749,-0.0105790824227749,recipe_to_chemistry,
S26,catechin_pct,random_forest,0.317593111,0.2729300722702916,0.0446630387297083,-0.0446630387297083,recipe_to_chemistry,
S27,catechin_pct,random_forest,0.249911542,0.284220071846874,0.034308529846874,0.034308529846874,recipe_to_chemistry,
S28,catechin_pct,random_forest,0.207915442,0.2691072021102089,0.0611917601102089,0.0611917601102089,recipe_to_chemistry,
S29,catechin_pct,random_forest,0.268219961,0.2035665437122957,0.0646534172877042,-0.0646534172877042,recipe_to_chemistry,
S3,catechin_pct,random_forest,0.1592467223,0.2103073341294623,0.0510606118294623,0.0510606118294623,recipe_to_chemistry,
S30,catechin_pct,random_forest,0.318378114,0.2286782191268492,0.0896998948731507,-0.0896998948731507,recipe_to_chemistry,
S4,catechin_pct,random_forest,0.34167991724941,0.2559999101728845,0.0856800070765254,-0.0856800070765254,recipe_to_chemistry,
S5,catechin_pct,random_forest,0.1673155267817988,0.2116495233431316,0.0443339965613328,0.0443339965613328,recipe_to_chemistry,
S6,catechin_pct,random_forest,0.18632272059291,0.1645795227142364,0.0217431978786735,-0.0217431978786735,recipe_to_chemistry,
S7,catechin_pct,random_forest,0.3077036377452473,0.1555064129780164,0.1521972247672308,-0.1521972247672308,recipe_to_chemistry,
S8,catechin_pct,random_forest,0.324931142,0.1663269287751007,0.1586042132248992,-0.1586042132248992,recipe_to_chemistry,
S9,catechin_pct,random_forest,0.1172647152,0.1889532264705231,0.0716885112705231,0.0716885112705231,recipe_to_chemistry,
S1,tf_pct,ridge_a,0.29925,0.3675369552778739,0.0682869552778738,0.0682869552778738,recipe_to_chemistry,
S10,tf_pct,ridge_a,0.0719999999999999,0.1933189348809414,0.1213189348809415,0.1213189348809415,recipe_to_chemistry,
S11,tf_pct,ridge_a,0.15975,0.2210103372087214,0.0612603372087214,0.0612603372087214,recipe_to_chemistry,
S12,tf_pct,ridge_a,0.0809999999999999,0.1589413614241022,0.0779413614241023,0.0779413614241023,recipe_to_chemistry,
S13,tf_pct,ridge_a,0.34875,0.3110548696078823,0.0376951303921176,-0.0376951303921176,recipe_to_chemistry,
S14,tf_pct,ridge_a,0.28575,0.2860449429201781,0.0002949429201781,0.0002949429201781,recipe_to_chemistry,
S15,tf_pct,ridge_a,0.05625,0.1838837389033363,0.1276337389033363,0.1276337389033363,recipe_to_chemistry,
S16,tf_pct,ridge_a,0.0719999999999999,0.2260254028145878,0.1540254028145879,0.1540254028145879,recipe_to_chemistry,
S17,tf_pct,ridge_a,0.2475,0.2649011811866529,0.0174011811866529,0.0174011811866529,recipe_to_chemistry,
S18,tf_pct,ridge_a,0.24525,0.2823952544173267,0.0371452544173267,0.0371452544173267,recipe_to_chemistry,
S19,tf_pct,ridge_a,0.207,0.2090798929760991,0.0020798929760991,0.0020798929760991,recipe_to_chemistry,
S2,tf_pct,ridge_a,0.22725,0.2606915785160429,0.0334415785160429,0.0334415785160429,recipe_to_chemistry,
S20,tf_pct,ridge_a,0.2925,0.142609604770617,0.1498903952293829,-0.1498903952293829,recipe_to_chemistry,
S21,tf_pct,ridge_a,0.12375,0.1867985387565929,0.0630485387565929,0.0630485387565929,recipe_to_chemistry,
S22,tf_pct,ridge_a,0.38475,0.3150117449310706,0.0697382550689293,-0.0697382550689293,recipe_to_chemistry,
S23,tf_pct,ridge_a,0.21825,0.1923045677418279,0.025945432258172,-0.025945432258172,recipe_to_chemistry,
S24,tf_pct,ridge_a,0.3329999999999999,0.2130643276872433,0.1199356723127565,-0.1199356723127565,recipe_to_chemistry,
S25,tf_pct,ridge_a,0.171,0.19147703712958,0.02047703712958,0.02047703712958,recipe_to_chemistry,
S26,tf_pct,ridge_a,0.1079999999999999,0.1258554130381239,0.017855413038124,0.017855413038124,recipe_to_chemistry,
S27,tf_pct,ridge_a,0.2385,0.1872533403761197,0.0512466596238802,-0.0512466596238802,recipe_to_chemistry,
S28,tf_pct,ridge_a,0.32175,0.1112990324164671,0.2104509675835328,-0.2104509675835328,recipe_to_chemistry,
S29,tf_pct,ridge_a,0.171,0.2671817453533862,0.0961817453533862,0.0961817453533862,recipe_to_chemistry,
S3,tf_pct,ridge_a,0.1372499999999999,0.127057186844558,0.0101928131554418,-0.0101928131554418,recipe_to_chemistry,
S30,tf_pct,ridge_a,0.225,0.2171001917453188,0.0078998082546811,-0.0078998082546811,recipe_to_chemistry,
S4,tf_pct,ridge_a,0.0832499999999999,0.1322333577044974,0.0489833577044975,0.0489833577044975,recipe_to_chemistry,
S5,tf_pct,ridge_a,0.387,0.3108265692276565,0.0761734307723434,-0.0761734307723434,recipe_to_chemistry,
S6,tf_pct,ridge_a,0.21825,0.2495677627228173,0.0313177627228173,0.0313177627228173,recipe_to_chemistry,
S7,tf_pct,ridge_a,0.2744999999999999,0.2485822163524441,0.0259177836475557,-0.0259177836475557,recipe_to_chemistry,
S8,tf_pct,ridge_a,0.2564999999999999,0.1889098020869914,0.0675901979130084,-0.0675901979130084,recipe_to_chemistry,
S9,tf_pct,ridge_a,0.3645,0.1976186647371068,0.1668813352628931,-0.1668813352628931,recipe_to_chemistry,
S1,tr_pct,ridge_a,0.6424599999999989,1.4396540153062265,0.7971940153062274,0.7971940153062274,recipe_to_chemistry,
S10,tr_pct,ridge_a,1.7367599999999983,1.5653139723956278,0.1714460276043705,-0.1714460276043705,recipe_to_chemistry,
S11,tr_pct,ridge_a,0.9107399999999992,1.1164991889388645,0.2057591889388652,0.2057591889388652,recipe_to_chemistry,
S12,tr_pct,ridge_a,0.9460400000000008,1.4292723735659243,0.4832323735659237,0.4832323735659237,recipe_to_chemistry,
S13,tr_pct,ridge_a,1.6873400000000007,1.2293286464464428,0.4580113535535579,-0.4580113535535579,recipe_to_chemistry,
S14,tr_pct,ridge_a,2.350979999999999,1.3538047019901849,0.9971752980098144,-0.9971752980098144,recipe_to_chemistry,
S15,tr_pct,ridge_a,1.447300000000002,0.5082214330128506,0.9390785669871514,-0.9390785669871514,recipe_to_chemistry,
S16,tr_pct,ridge_a,1.2425599999999994,1.239995878984332,0.0025641210156674,-0.0025641210156674,recipe_to_chemistry,
S17,tr_pct,ridge_a,0.9036800000000008,0.8933103826817936,0.0103696173182071,-0.0103696173182071,recipe_to_chemistry,
S18,tr_pct,ridge_a,0.8683799999999999,1.352088849164417,0.483708849164417,0.483708849164417,recipe_to_chemistry,
S19,tr_pct,ridge_a,1.4543599999999988,1.4303454560885194,0.0240145439114793,-0.0240145439114793,recipe_to_chemistry,
S2,tr_pct,ridge_a,0.6283399999999998,1.733000982292089,1.1046609822920894,1.1046609822920894,recipe_to_chemistry,
S20,tr_pct,ridge_a,1.412,1.007165004656596,0.4048349953434038,-0.4048349953434038,recipe_to_chemistry,
S21,tr_pct,ridge_a,0.7977799999999999,1.2723938011971452,0.4746138011971452,0.4746138011971452,recipe_to_chemistry,
S22,tr_pct,ridge_a,0.4306599999999996,1.2445955670171616,0.813935567017162,0.813935567017162,recipe_to_chemistry,
S23,tr_pct,ridge_a,0.5012600000000004,0.7404198106271839,0.2391598106271835,0.2391598106271835,recipe_to_chemistry,
S24,tr_pct,ridge_a,1.863840000000003,0.7955980107042719,1.068241989295731,-1.068241989295731,recipe_to_chemistry,
S25,tr_pct,ridge_a,2.541599999999999,1.5662474926766723,0.9753525073233268,-0.9753525073233268,recipe_to_chemistry,
S26,tr_pct,ridge_a,1.8497200000000007,1.4772622449146915,0.3724577550853092,-0.3724577550853092,recipe_to_chemistry,
S27,tr_pct,ridge_a,0.2682799999999994,1.4849825956464555,1.2167025956464563,1.2167025956464563,recipe_to_chemistry,
S28,tr_pct,ridge_a,1.5602599999999998,1.7772004177402687,0.2169404177402689,0.2169404177402689,recipe_to_chemistry,
S29,tr_pct,ridge_a,2.06152,1.170909063151016,0.8906109368489838,-0.8906109368489838,recipe_to_chemistry,
S3,tr_pct,ridge_a,0.6001000000000005,0.900437159776649,0.3003371597766484,0.3003371597766484,recipe_to_chemistry,
S30,tr_pct,ridge_a,2.103879999999998,1.5420200194993514,0.5618599805006466,-0.5618599805006466,recipe_to_chemistry,
S4,tr_pct,ridge_a,0.99546,1.2232286290404395,0.2277686290404397,0.2277686290404397,recipe_to_chemistry,
S5,tr_pct,ridge_a,2.28744,1.2466905628772338,1.0407494371227664,-1.0407494371227664,recipe_to_chemistry,
S6,tr_pct,ridge_a,1.1084200000000002,1.4597118465308374,0.3512918465308372,0.3512918465308372,recipe_to_chemistry,
S7,tr_pct,ridge_a,0.3671199999999987,1.1472285253386427,0.7801085253386439,0.7801085253386439,recipe_to_chemistry,
S8,tr_pct,ridge_a,0.5506800000000005,1.0869768534027249,0.5362968534027241,0.5362968534027241,recipe_to_chemistry,
S9,tr_pct,ridge_a,1.6238000000000012,1.1705568079351665,0.4532431920648347,-0.4532431920648347,recipe_to_chemistry,
S1,ph,ridge_a,4.72,4.647045015565076,0.0729549844349239,-0.0729549844349239,recipe_to_chemistry,
S10,ph,ridge_a,4.63,4.823938975744117,0.1939389757441167,0.1939389757441167,recipe_to_chemistry,
S11,ph,ridge_a,4.77,4.671839574988172,0.0981604250118275,-0.0981604250118275,recipe_to_chemistry,
S12,ph,ridge_a,4.68,4.8813305705808565,0.2013305705808568,0.2013305705808568,recipe_to_chemistry,
S13,ph,ridge_a,4.53,4.664737838495633,0.1347378384956323,0.1347378384956323,recipe_to_chemistry,
S14,ph,ridge_a,4.68,4.742698462695779,0.0626984626957796,0.0626984626957796,recipe_to_chemistry,
S15,ph,ridge_a,4.53,4.884057029559027,0.3540570295590264,0.3540570295590264,recipe_to_chemistry,
S16,ph,ridge_a,4.64,4.793503435998955,0.1535034359989548,0.1535034359989548,recipe_to_chemistry,
S17,ph,ridge_a,4.71,4.785626572631069,0.0756265726310694,0.0756265726310694,recipe_to_chemistry,
S18,ph,ridge_a,4.81,4.606683202435971,0.2033167975640282,-0.2033167975640282,recipe_to_chemistry,
S19,ph,ridge_a,4.71,4.7124451139005386,0.0024451139005385,0.0024451139005385,recipe_to_chemistry,
S2,ph,ridge_a,5.16,4.7769235681587086,0.3830764318412916,-0.3830764318412916,recipe_to_chemistry,
S20,ph,ridge_a,4.85,4.838278202196714,0.0117217978032853,-0.0117217978032853,recipe_to_chemistry,
S21,ph,ridge_a,4.87,4.768360860397422,0.1016391396025779,-0.1016391396025779,recipe_to_chemistry,
S22,ph,ridge_a,4.6,4.753206886332002,0.1532068863320024,0.1532068863320024,recipe_to_chemistry,
S23,ph,ridge_a,4.97,4.793882960016654,0.176117039983346,-0.176117039983346,recipe_to_chemistry,
S24,ph,ridge_a,4.71,4.767993234557962,0.0579932345579621,0.0579932345579621,recipe_to_chemistry,
S25,ph,ridge_a,4.79,4.928666224968609,0.1386662249686088,0.1386662249686088,recipe_to_chemistry,
S26,ph,ridge_a,4.93,4.960101990342173,0.0301019903421728,0.0301019903421728,recipe_to_chemistry,
S27,ph,ridge_a,4.73,4.889797485765823,0.1597974857658224,0.1597974857658224,recipe_to_chemistry,
S28,ph,ridge_a,4.91,4.8868799325017696,0.0231200674982305,-0.0231200674982305,recipe_to_chemistry,
S29,ph,ridge_a,5.03,4.781075841445699,0.2489241585543009,-0.2489241585543009,recipe_to_chemistry,
S3,ph,ridge_a,5.04,4.872720854257989,0.167279145742011,-0.167279145742011,recipe_to_chemistry,
S30,ph,ridge_a,4.89,4.807318173449303,0.0826818265506963,-0.0826818265506963,recipe_to_chemistry,
S4,ph,ridge_a,5.1,4.903627697918243,0.1963723020817562,-0.1963723020817562,recipe_to_chemistry,
S5,ph,ridge_a,4.53,4.800284561367893,0.2702845613678928,0.2702845613678928,recipe_to_chemistry,
S6,ph,ridge_a,4.91,4.711141584268667,0.1988584157313333,-0.1988584157313333,recipe_to_chemistry,
S7,ph,ridge_a,4.75,4.694924298832838,0.055075701167162,-0.055075701167162,recipe_to_chemistry,
S8,ph,ridge_a,4.91,4.846961604400102,0.0630383955998983,-0.0630383955998983,recipe_to_chemistry,
S9,ph,ridge_a,4.51,4.659287667766678,0.1492876677666785,0.1492876677666785,recipe_to_chemistry,
S1,malic_acid_mg_g,gpr,3.8145,3.8772241272536734,0.0627241272536744,0.0627241272536744,recipe_to_chemistry,
S10,malic_acid_mg_g,gpr,3.5381,3.886756445079815,0.3486564450798148,0.3486564450798148,recipe_to_chemistry,
S11,malic_acid_mg_g,gpr,4.4036,3.855151913727797,0.5484480862722028,-0.5484480862722028,recipe_to_chemistry,
S12,malic_acid_mg_g,gpr,3.6872,3.881613796592744,0.1944137965927441,0.1944137965927441,recipe_to_chemistry,
S13,malic_acid_mg_g,gpr,3.9981,3.870893119225207,0.1272068807747932,-0.1272068807747932,recipe_to_chemistry,
S14,malic_acid_mg_g,gpr,4.0127,3.8703897178178335,0.1423102821821662,-0.1423102821821662,recipe_to_chemistry,
S15,malic_acid_mg_g,gpr,3.7945,3.877913864452096,0.0834138644520958,0.0834138644520958,recipe_to_chemistry,
S16,malic_acid_mg_g,gpr,3.6454,3.883092367316277,0.2376923673162769,0.2376923673162769,recipe_to_chemistry,
S17,malic_acid_mg_g,gpr,2.729,3.9146551683398014,1.1856551683398011,1.1856551683398011,recipe_to_chemistry,
S18,malic_acid_mg_g,gpr,3.5981,3.884686226806631,0.2865862268066306,0.2865862268066306,recipe_to_chemistry,
S19,malic_acid_mg_g,gpr,4.2072,3.863682371810455,0.3435176281895451,-0.3435176281895451,recipe_to_chemistry,
S2,malic_acid_mg_g,gpr,3.8945,3.874465558011007,0.0200344419889932,-0.0200344419889932,recipe_to_chemistry,
S20,malic_acid_mg_g,gpr,3.7545,3.879293083788102,0.1247930837881017,0.1247930837881017,recipe_to_chemistry,
S21,malic_acid_mg_g,gpr,3.8309,3.876658640130285,0.0457586401302849,0.0457586401302849,recipe_to_chemistry,
S22,malic_acid_mg_g,gpr,3.6581,3.882617234355885,0.224517234355885,0.224517234355885,recipe_to_chemistry,
S23,malic_acid_mg_g,gpr,4.3945,3.8086259477307474,0.5858740522692525,-0.5858740522692525,recipe_to_chemistry,
S24,malic_acid_mg_g,gpr,3.2018,3.898351713327071,0.6965517133270707,0.6965517133270707,recipe_to_chemistry,
S25,malic_acid_mg_g,gpr,4.0054,3.870641516790864,0.1347584832091359,-0.1347584832091359,recipe_to_chemistry,
S26,malic_acid_mg_g,gpr,3.989,3.8712069446962727,0.1177930553037271,-0.1177930553037271,recipe_to_chemistry,
S27,malic_acid_mg_g,gpr,5.0181,3.835720695422861,1.1823793045771382,-1.1823793045771382,recipe_to_chemistry,
S28,malic_acid_mg_g,gpr,4.3963,3.8571621001759686,0.5391378998240315,-0.5391378998240315,recipe_to_chemistry,
S29,malic_acid_mg_g,gpr,4.0581,3.868824107227296,0.1892758927727036,-0.1892758927727036,recipe_to_chemistry,
S3,malic_acid_mg_g,gpr,3.7127,3.880734474878568,0.1680344748785676,0.1680344748785676,recipe_to_chemistry,
S30,malic_acid_mg_g,gpr,4.2309,3.86286789621752,0.3680321037824798,-0.3680321037824798,recipe_to_chemistry,
S4,malic_acid_mg_g,gpr,3.32,3.894275897122876,0.5742758971228761,0.5742758971228761,recipe_to_chemistry,
S5,malic_acid_mg_g,gpr,3.6672,3.882303358072941,0.2151033580729411,0.2151033580729411,recipe_to_chemistry,
S6,malic_acid_mg_g,gpr,4.9345,3.838603461134806,1.095896538865194,-1.095896538865194,recipe_to_chemistry,
S7,malic_acid_mg_g,gpr,3.7763,3.878541366179156,0.1022413661791556,0.1022413661791556,recipe_to_chemistry,
S8,malic_acid_mg_g,gpr,4.0218,3.8700757668103374,0.1517242331896615,-0.1517242331896615,recipe_to_chemistry,
S9,malic_acid_mg_g,gpr,2.961,3.906655184429096,0.945655184429096,0.945655184429096,recipe_to_chemistry,
S1,citric_acid_mg_g,pls,2.5607,2.6967713600912773,0.136071360091277,0.136071360091277,recipe_to_chemistry,
S10,citric_acid_mg_g,pls,0.8761,3.329544376000356,2.453444376000356,2.453444376000356,recipe_to_chemistry,
S11,citric_acid_mg_g,pls,1.3387,3.0786988940525637,1.7399988940525632,1.7399988940525632,recipe_to_chemistry,
S12,citric_acid_mg_g,pls,4.7794,3.8070601742936527,0.9723398257063472,-0.9723398257063472,recipe_to_chemistry,
S13,citric_acid_mg_g,pls,1.0428,2.632733957828232,1.589933957828232,1.589933957828232,recipe_to_chemistry,
S14,citric_acid_mg_g,pls,2.2688,3.0373043637521437,0.7685043637521431,0.7685043637521431,recipe_to_chemistry,
S15,citric_acid_mg_g,pls,2.5135,5.016290229095436,2.502790229095436,2.502790229095436,recipe_to_chemistry,
S16,citric_acid_mg_g,pls,2.3591,3.628461730772933,1.2693617307729324,1.2693617307729324,recipe_to_chemistry,
S17,citric_acid_mg_g,pls,3.3591,4.260392580823731,0.9012925808237306,0.9012925808237306,recipe_to_chemistry,
S18,citric_acid_mg_g,pls,4.8593,1.726249515673899,3.133050484326101,-3.133050484326101,recipe_to_chemistry,
S19,citric_acid_mg_g,pls,3.1298,2.386123855614941,0.7436761443850588,-0.7436761443850588,recipe_to_chemistry,
S2,citric_acid_mg_g,pls,3.5046,3.514556173551869,0.0099561735518691,0.0099561735518691,recipe_to_chemistry,
S20,citric_acid_mg_g,pls,7.5016,3.878564415460164,3.623035584539836,-3.623035584539836,recipe_to_chemistry,
S21,citric_acid_mg_g,pls,4.0891,3.287757440023976,0.8013425599760242,-0.8013425599760242,recipe_to_chemistry,
S22,citric_acid_mg_g,pls,4.7135,3.241583594307196,1.4719164056928045,-1.4719164056928045,recipe_to_chemistry,
S23,citric_acid_mg_g,pls,4.7713,4.7456415570748725,0.0256584429251276,-0.0256584429251276,recipe_to_chemistry,
S24,citric_acid_mg_g,pls,5.603,3.7239684341416006,1.8790315658583991,-1.8790315658583991,recipe_to_chemistry,
S25,citric_acid_mg_g,pls,4.3753,3.6915007743199326,0.6837992256800676,-0.6837992256800676,recipe_to_chemistry,
S26,citric_acid_mg_g,pls,4.1493,4.487081254486803,0.3377812544868028,0.3377812544868028,recipe_to_chemistry,
S27,citric_acid_mg_g,pls,2.3347,4.280480875636418,1.945780875636418,1.945780875636418,recipe_to_chemistry,
S28,citric_acid_mg_g,pls,5.1542,3.2211372341242384,1.933062765875762,-1.933062765875762,recipe_to_chemistry,
S29,citric_acid_mg_g,pls,3.1721,3.883006561854904,0.7109065618549035,0.7109065618549035,recipe_to_chemistry,
S3,citric_acid_mg_g,pls,5.5298,4.941653926186486,0.5881460738135136,-0.5881460738135136,recipe_to_chemistry,
S30,citric_acid_mg_g,pls,3.0526,3.2938520245052705,0.2412520245052705,0.2412520245052705,recipe_to_chemistry,
S4,citric_acid_mg_g,pls,5.3404,4.6498915413705815,0.6905084586294183,-0.6905084586294183,recipe_to_chemistry,
S5,citric_acid_mg_g,pls,4.6298,2.87552059257693,1.7542794074230703,-1.7542794074230703,recipe_to_chemistry,
S6,citric_acid_mg_g,pls,0.8217,2.878160906770802,2.056460906770802,2.056460906770802,recipe_to_chemistry,
S7,citric_acid_mg_g,pls,5.1054,2.8706325393594736,2.234767460640527,-2.234767460640527,recipe_to_chemistry,
S8,citric_acid_mg_g,pls,2.133,4.644210757632724,2.511210757632724,2.511210757632724,recipe_to_chemistry,
S9,citric_acid_mg_g,pls,1.1034,2.2555114461980064,1.1521114461980064,1.1521114461980064,recipe_to_chemistry,
S1,ascorbic_acid_mg_g,ridge_b_no_intercept,0.5993,2.6055500366449444,2.0062500366449445,2.0062500366449445,recipe_to_chemistry,
S10,ascorbic_acid_mg_g,ridge_b_no_intercept,0.5144,2.1138375239817893,1.5994375239817893,1.5994375239817893,recipe_to_chemistry,
S11,ascorbic_acid_mg_g,ridge_b_no_intercept,0.3168,2.6305471700812277,2.313747170081227,2.313747170081227,recipe_to_chemistry,
S12,ascorbic_acid_mg_g,ridge_b_no_intercept,0.7728,2.116026185560111,1.3432261855601109,1.3432261855601109,recipe_to_chemistry,
S13,ascorbic_acid_mg_g,ridge_b_no_intercept,5.2214,2.220616127637474,3.000783872362526,-3.000783872362526,recipe_to_chemistry,
S14,ascorbic_acid_mg_g,ridge_b_no_intercept,6.6354,1.9978293764723245,4.637570623527676,-4.637570623527676,recipe_to_chemistry,
S15,ascorbic_acid_mg_g,ridge_b_no_intercept,4.0268,2.3714870489753386,1.6553129510246611,-1.6553129510246611,recipe_to_chemistry,
S16,ascorbic_acid_mg_g,ridge_b_no_intercept,0.6726,2.303247214398267,1.6306472143982669,1.6306472143982669,recipe_to_chemistry,
S17,ascorbic_acid_mg_g,ridge_b_no_intercept,0.3615,2.6603207468879666,2.2988207468879667,2.2988207468879667,recipe_to_chemistry,
S18,ascorbic_acid_mg_g,ridge_b_no_intercept,4.9734,2.1884729840703447,2.784927015929655,-2.784927015929655,recipe_to_chemistry,
S19,ascorbic_acid_mg_g,ridge_b_no_intercept,5.5494,1.9216450317814264,3.627754968218574,-3.627754968218574,recipe_to_chemistry,
S2,ascorbic_acid_mg_g,ridge_b_no_intercept,0.9612,2.1057027128113197,1.1445027128113192,1.1445027128113192,recipe_to_chemistry,
S20,ascorbic_acid_mg_g,ridge_b_no_intercept,4.6014,2.1656935616232538,2.435706438376746,-2.435706438376746,recipe_to_chemistry,
S21,ascorbic_acid_mg_g,ridge_b_no_intercept,4.9034,2.118104428073172,2.785295571926828,-2.785295571926828,recipe_to_chemistry,
S22,ascorbic_acid_mg_g,ridge_b_no_intercept,5.1148,2.205543820853009,2.90925617914699,-2.90925617914699,recipe_to_chemistry,
S23,ascorbic_acid_mg_g,ridge_b_no_intercept,6.1508,2.1707384722577627,3.9800615277422375,-3.9800615277422375,recipe_to_chemistry,
S24,ascorbic_acid_mg_g,ridge_b_no_intercept,4.4774,2.3837933820220263,2.093606617977974,-2.093606617977974,recipe_to_chemistry,
S25,ascorbic_acid_mg_g,ridge_b_no_intercept,4.4161,1.5794745022570384,2.8366254977429617,-2.8366254977429617,recipe_to_chemistry,
S26,ascorbic_acid_mg_g,ridge_b_no_intercept,0.4058,1.993154102887807,1.587354102887807,1.587354102887807,recipe_to_chemistry,
S27,ascorbic_acid_mg_g,ridge_b_no_intercept,0.4145,2.143089797858054,1.7285897978580542,1.7285897978580542,recipe_to_chemistry,
S28,ascorbic_acid_mg_g,ridge_b_no_intercept,0.6578,1.9248010379630456,1.2670010379630456,1.2670010379630456,recipe_to_chemistry,
S29,ascorbic_acid_mg_g,ridge_b_no_intercept,0.8948,2.334390780265,1.439590780265,1.439590780265,recipe_to_chemistry,
S3,ascorbic_acid_mg_g,ridge_b_no_intercept,2.0148,2.3572849052705998,0.3424849052705991,0.3424849052705991,recipe_to_chemistry,
S30,ascorbic_acid_mg_g,ridge_b_no_intercept,4.283,1.9069903003931696,2.3760096996068305,-2.3760096996068305,recipe_to_chemistry,
S4,ascorbic_acid_mg_g,ridge_b_no_intercept,0.3344,2.2196121766818697,1.8852121766818697,1.8852121766818697,recipe_to_chemistry,
S5,ascorbic_acid_mg_g,ridge_b_no_intercept,0.7087,2.3797054481717077,1.6710054481717074,1.6710054481717074,recipe_to_chemistry,
S6,ascorbic_acid_mg_g,ridge_b_no_intercept,0.741,2.2852860391639265,1.5442860391639264,1.5442860391639264,recipe_to_chemistry,
S7,ascorbic_acid_mg_g,ridge_b_no_intercept,0.4266,2.5513509456727577,2.1247509456727576,2.1247509456727576,recipe_to_chemistry,
S8,ascorbic_acid_mg_g,ridge_b_no_intercept,4.7188,2.168668950363656,2.5501310496363443,-2.5501310496363443,recipe_to_chemistry,
S9,ascorbic_acid_mg_g,ridge_b_no_intercept,0.523,2.6840785713762414,2.1610785713762413,2.1610785713762413,recipe_to_chemistry,
S1,oxalic_acid_mg_g,catboost,2.7505,2.719034501313603,0.0314654986863973,-0.0314654986863973,recipe_to_chemistry,
S10,oxalic_acid_mg_g,catboost,2.6966,2.8670671104766448,0.1704671104766446,0.1704671104766446,recipe_to_chemistry,
S11,oxalic_acid_mg_g,catboost,2.8325,3.0762329739182377,0.2437329739182376,0.2437329739182376,recipe_to_chemistry,
S12,oxalic_acid_mg_g,catboost,4.0738,2.883901745863866,1.1898982541361345,-1.1898982541361345,recipe_to_chemistry,
S13,oxalic_acid_mg_g,catboost,2.398,2.834982107990701,0.4369821079907008,0.4369821079907008,recipe_to_chemistry,
S14,oxalic_acid_mg_g,catboost,2.6987,2.8136962077062218,0.1149962077062216,0.1149962077062216,recipe_to_chemistry,
S15,oxalic_acid_mg_g,catboost,2.8176,3.100582679547092,0.282982679547092,0.282982679547092,recipe_to_chemistry,
S16,oxalic_acid_mg_g,catboost,4.337,3.0493290248975247,1.287670975102475,-1.287670975102475,recipe_to_chemistry,
S17,oxalic_acid_mg_g,catboost,2.9612,3.176843752330841,0.2156437523308412,0.2156437523308412,recipe_to_chemistry,
S18,oxalic_acid_mg_g,catboost,2.9925,2.694056676638412,0.2984433233615879,-0.2984433233615879,recipe_to_chemistry,
S19,oxalic_acid_mg_g,catboost,2.5327,2.9623303564682004,0.4296303564682002,0.4296303564682002,recipe_to_chemistry,
S2,oxalic_acid_mg_g,catboost,2.3276,2.635258041362872,0.3076580413628722,0.3076580413628722,recipe_to_chemistry,
S20,oxalic_acid_mg_g,catboost,3.4193,3.392149980361361,0.0271500196386389,-0.0271500196386389,recipe_to_chemistry,
S21,oxalic_acid_mg_g,catboost,3.6303,3.1634994820822198,0.4668005179177807,-0.4668005179177807,recipe_to_chemistry,
S22,oxalic_acid_mg_g,catboost,3.2198,3.004165826603085,0.2156341733969151,-0.2156341733969151,recipe_to_chemistry,
S23,oxalic_acid_mg_g,catboost,3.8258,2.9187442547406715,0.9070557452593286,-0.9070557452593286,recipe_to_chemistry,
S24,oxalic_acid_mg_g,catboost,2.7375,3.149976251514083,0.4124762515140832,0.4124762515140832,recipe_to_chemistry,
S25,oxalic_acid_mg_g,catboost,2.4719,2.4961290798607454,0.0242290798607451,0.0242290798607451,recipe_to_chemistry,
S26,oxalic_acid_mg_g,catboost,2.6095,2.8042868302024746,0.1947868302024744,0.1947868302024744,recipe_to_chemistry,
S27,oxalic_acid_mg_g,catboost,2.2518,3.169825299623846,0.9180252996238464,0.9180252996238464,recipe_to_chemistry,
S28,oxalic_acid_mg_g,catboost,2.3299,2.9173828610534183,0.5874828610534184,0.5874828610534184,recipe_to_chemistry,
S29,oxalic_acid_mg_g,catboost,3.0578,2.881108323256841,0.1766916767431583,-0.1766916767431583,recipe_to_chemistry,
S3,oxalic_acid_mg_g,catboost,2.8983,3.168643280757207,0.2703432807572072,0.2703432807572072,recipe_to_chemistry,
S30,oxalic_acid_mg_g,catboost,2.8903,2.6817428045834326,0.2085571954165672,-0.2085571954165672,recipe_to_chemistry,
S4,oxalic_acid_mg_g,catboost,2.6522,2.93730981708135,0.2851098170813499,0.2851098170813499,recipe_to_chemistry,
S5,oxalic_acid_mg_g,catboost,2.6778,2.6754947014126227,0.0023052985873772,-0.0023052985873772,recipe_to_chemistry,
S6,oxalic_acid_mg_g,catboost,2.9513,2.7531210140077245,0.1981789859922753,-0.1981789859922753,recipe_to_chemistry,
S7,oxalic_acid_mg_g,catboost,2.5359,3.211128339503818,0.6752283395038181,0.6752283395038181,recipe_to_chemistry,
S8,oxalic_acid_mg_g,catboost,2.941,3.004071183578166,0.0630711835781663,0.0630711835781663,recipe_to_chemistry,
S9,oxalic_acid_mg_g,catboost,2.9774,2.71267326092078,0.2647267390792196,-0.2647267390792196,recipe_to_chemistry,
S1,galic_acid_mg_g,ridge_a,2.5309,2.4463783300723647,0.0845216699276352,-0.0845216699276352,recipe_to_chemistry,
S10,galic_acid_mg_g,ridge_a,2.1465,2.266665478436389,0.1201654784363888,0.1201654784363888,recipe_to_chemistry,
S11,galic_acid_mg_g,ridge_a,2.2977,2.3524186029526493,0.0547186029526494,0.0547186029526494,recipe_to_chemistry,
S12,galic_acid_mg_g,ridge_a,2.2867,2.2802898432846326,0.0064101567153675,-0.0064101567153675,recipe_to_chemistry,
S13,galic_acid_mg_g,ridge_a,2.4164,2.413071284450955,0.0033287155490446,-0.0033287155490446,recipe_to_chemistry,
S14,galic_acid_mg_g,ridge_a,2.3394,2.385639988299951,0.0462399882999511,0.0462399882999511,recipe_to_chemistry,
S15,galic_acid_mg_g,ridge_a,2.4402,2.3911170892763227,0.0490829107236772,-0.0490829107236772,recipe_to_chemistry,
S16,galic_acid_mg_g,ridge_a,2.4152,2.359356539707429,0.055843460292571,-0.055843460292571,recipe_to_chemistry,
S17,galic_acid_mg_g,ridge_a,2.4149,2.4784104842232924,0.0635104842232925,0.0635104842232925,recipe_to_chemistry,
S18,galic_acid_mg_g,ridge_a,2.2845,2.378067810751,0.0935678107509998,0.0935678107509998,recipe_to_chemistry,
S19,galic_acid_mg_g,ridge_a,2.1568,2.3047956567033383,0.1479956567033382,0.1479956567033382,recipe_to_chemistry,
S2,galic_acid_mg_g,ridge_a,2.216,2.370051765854273,0.1540517658542728,0.1540517658542728,recipe_to_chemistry,
S20,galic_acid_mg_g,ridge_a,2.4701,2.328365877624165,0.1417341223758348,-0.1417341223758348,recipe_to_chemistry,
S21,galic_acid_mg_g,ridge_a,2.3937,2.306198283699587,0.0875017163004128,-0.0875017163004128,recipe_to_chemistry,
S22,galic_acid_mg_g,ridge_a,2.3943,2.512901479905272,0.1186014799052719,0.1186014799052719,recipe_to_chemistry,
S23,galic_acid_mg_g,ridge_a,2.622,2.409799905081857,0.2122000949181424,-0.2122000949181424,recipe_to_chemistry,
S24,galic_acid_mg_g,ridge_a,2.2314,2.4401271688875994,0.2087271688875995,0.2087271688875995,recipe_to_chemistry,
S25,galic_acid_mg_g,ridge_a,2.2213,2.279768443643849,0.0584684436438487,0.0584684436438487,recipe_to_chemistry,
S26,galic_acid_mg_g,ridge_a,2.2171,2.2556348001302853,0.0385348001302854,0.0385348001302854,recipe_to_chemistry,
S27,galic_acid_mg_g,ridge_a,2.3213,2.330139774097004,0.0088397740970034,0.0088397740970034,recipe_to_chemistry,
S28,galic_acid_mg_g,ridge_a,2.3609,2.189831331229738,0.1710686687702618,-0.1710686687702618,recipe_to_chemistry,
S29,galic_acid_mg_g,ridge_a,2.4109,2.409861445325919,0.0010385546740807,-0.0010385546740807,recipe_to_chemistry,
S3,galic_acid_mg_g,ridge_a,2.3487,2.3737563948769544,0.0250563948769544,0.0250563948769544,recipe_to_chemistry,
S30,galic_acid_mg_g,ridge_a,2.4152,2.2913160700079835,0.1238839299920164,-0.1238839299920164,recipe_to_chemistry,
S4,galic_acid_mg_g,ridge_a,2.2118,2.3231621603044,0.1113621603043997,0.1113621603043997,recipe_to_chemistry,
S5,galic_acid_mg_g,ridge_a,2.6394,2.383422087816285,0.2559779121837153,-0.2559779121837153,recipe_to_chemistry,
S6,galic_acid_mg_g,ridge_a,2.3243,2.3337009979741903,0.0094009979741902,0.0094009979741902,recipe_to_chemistry,
S7,galic_acid_mg_g,ridge_a,2.3784,2.394201337193457,0.0158013371934568,0.0158013371934568,recipe_to_chemistry,
S8,galic_acid_mg_g,ridge_a,2.3557,2.3923286852863765,0.0366286852863764,0.0366286852863764,recipe_to_chemistry,
S9,galic_acid_mg_g,ridge_a,2.4386,2.2763306131179832,0.1622693868820168,-0.1622693868820168,recipe_to_chemistry,
S1,succinic_acid_mg_g,ridge_b_no_intercept,3.0914,3.6974961558764257,0.6060961558764255,0.6060961558764255,recipe_to_chemistry,
S10,succinic_acid_mg_g,ridge_b_no_intercept,0.2182,3.4476417587297976,3.2294417587297977,3.2294417587297977,recipe_to_chemistry,
S11,succinic_acid_mg_g,ridge_b_no_intercept,1.5419,3.142441615450439,1.6005416154504388,1.6005416154504388,recipe_to_chemistry,
S12,succinic_acid_mg_g,ridge_b_no_intercept,5.9048,3.5221451982765832,2.3826548017234166,-2.3826548017234166,recipe_to_chemistry,
S13,succinic_acid_mg_g,ridge_b_no_intercept,5.3474,3.1568066305579783,2.190593369442022,-2.190593369442022,recipe_to_chemistry,
S14,succinic_acid_mg_g,ridge_b_no_intercept,4.2089,3.5831059644371237,0.6257940355628766,-0.6257940355628766,recipe_to_chemistry,
S15,succinic_acid_mg_g,ridge_b_no_intercept,0.0481,4.178087177392007,4.129987177392007,4.129987177392007,recipe_to_chemistry,
S16,succinic_acid_mg_g,ridge_b_no_intercept,2.8357,3.691641537078984,0.8559415370789836,0.8559415370789836,recipe_to_chemistry,
S17,succinic_acid_mg_g,ridge_b_no_intercept,4.1038,4.090333924738875,0.0134660752611246,-0.0134660752611246,recipe_to_chemistry,
S18,succinic_acid_mg_g,ridge_b_no_intercept,4.6051,2.816764339513833,1.788335660486167,-1.788335660486167,recipe_to_chemistry,
S19,succinic_acid_mg_g,ridge_b_no_intercept,3.813,2.8540013233237342,0.958998676676266,-0.958998676676266,recipe_to_chemistry,
S2,succinic_acid_mg_g,ridge_b_no_intercept,2.646,4.018789999974365,1.372789999974365,1.372789999974365,recipe_to_chemistry,
S20,succinic_acid_mg_g,ridge_b_no_intercept,2.5316,3.781445898834459,1.249845898834459,1.249845898834459,recipe_to_chemistry,
S21,succinic_acid_mg_g,ridge_b_no_intercept,10.1945,2.9909125829017515,7.203587417098248,-7.203587417098248,recipe_to_chemistry,
S22,succinic_acid_mg_g,ridge_b_no_intercept,5.8213,3.862509862338506,1.9587901376614936,-1.9587901376614936,recipe_to_chemistry,
S23,succinic_acid_mg_g,ridge_b_no_intercept,4.3924,4.119477253622391,0.2729227463776098,-0.2729227463776098,recipe_to_chemistry,
S24,succinic_acid_mg_g,ridge_b_no_intercept,3.7141,3.7511349280212594,0.0370349280212591,0.0370349280212591,recipe_to_chemistry,
S25,succinic_acid_mg_g,ridge_b_no_intercept,5.3924,3.75409888059051,1.6383011194094903,-1.6383011194094903,recipe_to_chemistry,
S26,succinic_acid_mg_g,ridge_b_no_intercept,4.745,3.873217804688772,0.8717821953112286,-0.8717821953112286,recipe_to_chemistry,
S27,succinic_acid_mg_g,ridge_b_no_intercept,5.8976,3.881203267690532,2.016396732309468,-2.016396732309468,recipe_to_chemistry,
S28,succinic_acid_mg_g,ridge_b_no_intercept,2.7346,3.6302307959306375,0.8956307959306375,0.8956307959306375,recipe_to_chemistry,
S29,succinic_acid_mg_g,ridge_b_no_intercept,4.6512,3.975032022107457,0.6761679778925433,-0.6761679778925433,recipe_to_chemistry,
S3,succinic_acid_mg_g,ridge_b_no_intercept,8.9305,3.6428945081278608,5.28760549187214,-5.28760549187214,recipe_to_chemistry,
S30,succinic_acid_mg_g,ridge_b_no_intercept,2.1739,3.6538617507809774,1.4799617507809772,1.4799617507809772,recipe_to_chemistry,
S4,succinic_acid_mg_g,ridge_b_no_intercept,3.3275,4.08261124015208,0.7551112401520794,0.7551112401520794,recipe_to_chemistry,
S5,succinic_acid_mg_g,ridge_b_no_intercept,5.7151,3.78438615408213,1.930713845917869,-1.930713845917869,recipe_to_chemistry,
S6,succinic_acid_mg_g,ridge_b_no_intercept,1.7708,3.3427592206927565,1.5719592206927566,1.5719592206927566,recipe_to_chemistry,
S7,succinic_acid_mg_g,ridge_b_no_intercept,2.7502,3.384443428912697,0.634243428912697,0.634243428912697,recipe_to_chemistry,
S8,succinic_acid_mg_g,ridge_b_no_intercept,9.8996,3.756931445346052,6.142668554653947,-6.142668554653947,recipe_to_chemistry,
S9,succinic_acid_mg_g,ridge_b_no_intercept,0.8312,2.8849491653189543,2.0537491653189544,2.0537491653189544,recipe_to_chemistry,
S1,l_theanine_mg_g,ridge_a,1.9188,1.6825357592202228,0.2362642407797772,-0.2362642407797772,recipe_to_chemistry,
S10,l_theanine_mg_g,ridge_a,2.1646,1.9850690410095944,0.1795309589904055,-0.1795309589904055,recipe_to_chemistry,
S11,l_theanine_mg_g,ridge_a,2.3387,2.090368512870025,0.2483314871299748,-0.2483314871299748,recipe_to_chemistry,
S12,l_theanine_mg_g,ridge_a,1.5697,2.0795502651340736,0.5098502651340735,0.5098502651340735,recipe_to_chemistry,
S13,l_theanine_mg_g,ridge_a,1.4593,1.9055760107134636,0.4462760107134633,0.4462760107134633,recipe_to_chemistry,
S14,l_theanine_mg_g,ridge_a,1.8217,1.8045616603928,0.0171383396072,-0.0171383396072,recipe_to_chemistry,
S15,l_theanine_mg_g,ridge_a,1.9292,2.2558631746835958,0.3266631746835953,0.3266631746835953,recipe_to_chemistry,
S16,l_theanine_mg_g,ridge_a,1.3329,1.9820633246139403,0.6491633246139403,0.6491633246139403,recipe_to_chemistry,
S17,l_theanine_mg_g,ridge_a,1.5242,1.9751409703129383,0.4509409703129383,0.4509409703129383,recipe_to_chemistry,
S18,l_theanine_mg_g,ridge_a,2.0115,1.966437236025108,0.0450627639748919,-0.0450627639748919,recipe_to_chemistry,
S19,l_theanine_mg_g,ridge_a,2.288,2.012470393452403,0.2755296065475967,-0.2755296065475967,recipe_to_chemistry,
S2,l_theanine_mg_g,ridge_a,2.2565,1.6874359979814133,0.5690640020185866,-0.5690640020185866,recipe_to_chemistry,
S20,l_theanine_mg_g,ridge_a,1.8607,2.138785243898061,0.2780852438980612,0.2780852438980612,recipe_to_chemistry,
S21,l_theanine_mg_g,ridge_a,2.6977,2.034543611312517,0.6631563886874834,-0.6631563886874834,recipe_to_chemistry,
S22,l_theanine_mg_g,ridge_a,1.6461,1.7852500955500183,0.1391500955500184,0.1391500955500184,recipe_to_chemistry,
S23,l_theanine_mg_g,ridge_a,2.288,2.018619645969307,0.2693803540306927,-0.2693803540306927,recipe_to_chemistry,
S24,l_theanine_mg_g,ridge_a,2.2671,2.013798293543476,0.2533017064565239,-0.2533017064565239,recipe_to_chemistry,
S25,l_theanine_mg_g,ridge_a,1.5733,1.896593187196727,0.323293187196727,0.323293187196727,recipe_to_chemistry,
S26,l_theanine_mg_g,ridge_a,1.9509,2.002059707692605,0.0511597076926053,0.0511597076926053,recipe_to_chemistry,
S27,l_theanine_mg_g,ridge_a,1.8247,1.923259408920862,0.0985594089208621,0.0985594089208621,recipe_to_chemistry,
S28,l_theanine_mg_g,ridge_a,1.9275,1.96862236689931,0.0411223668993101,0.0411223668993101,recipe_to_chemistry,
S29,l_theanine_mg_g,ridge_a,2.3127,1.796665730738949,0.5160342692610509,-0.5160342692610509,recipe_to_chemistry,
S3,l_theanine_mg_g,ridge_a,2.8047,1.998968555155552,0.8057314448444481,-0.8057314448444481,recipe_to_chemistry,
S30,l_theanine_mg_g,ridge_a,2.0823,1.86630269336596,0.2159973066340399,-0.2159973066340399,recipe_to_chemistry,
S4,l_theanine_mg_g,ridge_a,1.7663,2.1141280775569102,0.3478280775569102,0.3478280775569102,recipe_to_chemistry,
S5,l_theanine_mg_g,ridge_a,1.7,1.678799164316188,0.021200835683812,-0.021200835683812,recipe_to_chemistry,
S6,l_theanine_mg_g,ridge_a,1.7787,1.939254430040387,0.1605544300403869,0.1605544300403869,recipe_to_chemistry,
S7,l_theanine_mg_g,ridge_a,1.6297,2.035571539096385,0.4058715390963849,0.4058715390963849,recipe_to_chemistry,
S8,l_theanine_mg_g,ridge_a,2.0106,1.990735287868986,0.0198647121310142,-0.0198647121310142,recipe_to_chemistry,
S9,l_theanine_mg_g,ridge_a,2.0857,2.0983467734859103,0.0126467734859101,0.0126467734859101,recipe_to_chemistry,
S1,appearance,pls,72.06,72.89118482870181,0.831184828701808,0.831184828701808,chemistry_to_sensory,chemistry_a
S10,appearance,pls,67.825,74.50470845620205,6.67970845620205,6.67970845620205,chemistry_to_sensory,chemistry_a
S11,appearance,pls,70.955,70.58467836190403,0.370321638095973,-0.370321638095973,chemistry_to_sensory,chemistry_a
S12,appearance,pls,80.85,75.60335430595158,5.246645694048411,-5.246645694048411,chemistry_to_sensory,chemistry_a
S13,appearance,pls,75.295,74.89655209717628,0.3984479028237189,-0.3984479028237189,chemistry_to_sensory,chemistry_a
S14,appearance,pls,75.72,77.04302956333261,1.3230295633326108,1.3230295633326108,chemistry_to_sensory,chemistry_a
S15,appearance,pls,85.19,76.95507638862206,8.234923611377937,-8.234923611377937,chemistry_to_sensory,chemistry_a
S16,appearance,pls,85.025,82.59590396619257,2.42909603380744,-2.42909603380744,chemistry_to_sensory,chemistry_a
S17,appearance,pls,73.535,75.19952231807892,1.664522318078923,1.664522318078923,chemistry_to_sensory,chemistry_a
S18,appearance,pls,77.475,77.48739757312936,0.0123975731293626,0.0123975731293626,chemistry_to_sensory,chemistry_a
S19,appearance,pls,80.74,76.34356101313227,4.396438986867722,-4.396438986867722,chemistry_to_sensory,chemistry_a
S2,appearance,pls,70.51,70.43014579875168,0.0798542012483238,-0.0798542012483238,chemistry_to_sensory,chemistry_a
S20,appearance,pls,82.95,80.49195461958878,2.458045380411221,-2.458045380411221,chemistry_to_sensory,chemistry_a
S21,appearance,pls,75.26,82.384015473717,7.1240154737169945,7.1240154737169945,chemistry_to_sensory,chemistry_a
S22,appearance,pls,75.89500000000001,82.3696980905598,6.474698090559784,6.474698090559784,chemistry_to_sensory,chemistry_a
S23,appearance,pls,80.155,81.51492149516527,1.359921495165267,1.359921495165267,chemistry_to_sensory,chemistry_a
S24,appearance,pls,85.22,76.63682235864762,8.583177641352378,-8.583177641352378,chemistry_to_sensory,chemistry_a
S25,appearance,pls,67.59,75.31153281465612,7.721532814656115,7.721532814656115,chemistry_to_sensory,chemistry_a
S26,appearance,pls,69.42,67.24278370593768,2.177216294062319,-2.177216294062319,chemistry_to_sensory,chemistry_a
S27,appearance,pls,68.405,68.90155304716309,0.4965530471630899,0.4965530471630899,chemistry_to_sensory,chemistry_a
S28,appearance,pls,70.8865,71.23219836181913,0.3456983618191316,0.3456983618191316,chemistry_to_sensory,chemistry_a
S29,appearance,pls,72.58,71.54857122839505,1.0314287716049506,-1.0314287716049506,chemistry_to_sensory,chemistry_a
S3,appearance,pls,76.465,80.28051807598604,3.8155180759860334,3.8155180759860334,chemistry_to_sensory,chemistry_a
S30,appearance,pls,72.74117647058823,71.75687426356978,0.9843022070184446,-0.9843022070184446,chemistry_to_sensory,chemistry_a
S4,appearance,pls,71.7215,75.25898460505739,3.5374846050573865,3.5374846050573865,chemistry_to_sensory,chemistry_a
S5,appearance,pls,74.88,77.8033638708334,2.9233638708333984,2.9233638708333984,chemistry_to_sensory,chemistry_a
S6,appearance,pls,71.825,72.27397467074826,0.4489746707482567,0.4489746707482567,chemistry_to_sensory,chemistry_a
S7,appearance,pls,77.5625,73.16393340020296,4.398566599797036,-4.398566599797036,chemistry_to_sensory,chemistry_a
S8,appearance,pls,76.675,71.73813799474758,4.936862005252422,-4.936862005252422,chemistry_to_sensory,chemistry_a
S9,appearance,pls,77.795,79.27089904106997,1.4758990410699653,1.4758990410699653,chemistry_to_sensory,chemistry_a
S1,infusion_color,gpr,72.095,71.91667632112703,0.1783236788729709,-0.1783236788729709,chemistry_to_sensory,chemistry_a
S10,infusion_color,gpr,62.45,71.63872615689712,9.188726156897118,9.188726156897118,chemistry_to_sensory,chemistry_a
S11,infusion_color,gpr,64.55,69.12716426553202,4.577164265532019,4.577164265532019,chemistry_to_sensory,chemistry_a
S12,infusion_color,gpr,79.33,73.17884025525315,6.151159744746849,-6.151159744746849,chemistry_to_sensory,chemistry_a
S13,infusion_color,gpr,77.10499999999999,73.2464402095373,3.858559790462692,-3.858559790462692,chemistry_to_sensory,chemistry_a
S14,infusion_color,gpr,73.885,77.32742500045904,3.442425000459039,3.442425000459039,chemistry_to_sensory,chemistry_a
S15,infusion_color,gpr,85.39,74.22419770832056,11.16580229167944,-11.16580229167944,chemistry_to_sensory,chemistry_a
S16,infusion_color,gpr,81.66499999999999,77.6035024345005,4.061497565499494,-4.061497565499494,chemistry_to_sensory,chemistry_a
S17,infusion_color,gpr,68.64,74.31115733680028,5.671157336800277,5.671157336800277,chemistry_to_sensory,chemistry_a
S18,infusion_color,gpr,77.265,77.94111044735716,0.6761104473571606,0.6761104473571606,chemistry_to_sensory,chemistry_a
S19,infusion_color,gpr,83.6775,75.19537941733543,8.482120582664564,-8.482120582664564,chemistry_to_sensory,chemistry_a
S2,infusion_color,gpr,72.58,71.08843273877126,1.491567261228738,-1.491567261228738,chemistry_to_sensory,chemistry_a
S20,infusion_color,gpr,84.67999999999999,78.0567075409978,6.623292459002187,-6.623292459002187,chemistry_to_sensory,chemistry_a
S21,infusion_color,gpr,78.5,79.05425032759237,0.5542503275923707,0.5542503275923707,chemistry_to_sensory,chemistry_a
S22,infusion_color,gpr,76.53,83.34145807547773,6.811458075477731,6.811458075477731,chemistry_to_sensory,chemistry_a
S23,infusion_color,gpr,81.41,80.09613401031129,1.3138659896887075,-1.3138659896887075,chemistry_to_sensory,chemistry_a
S24,infusion_color,gpr,82.41499999999999,77.06685134648593,5.348148653514059,-5.348148653514059,chemistry_to_sensory,chemistry_a
S25,infusion_color,gpr,66.675,74.13804786436484,7.463047864364839,7.463047864364839,chemistry_to_sensory,chemistry_a
S26,infusion_color,gpr,67.715,66.96380166275732,0.751198337242684,-0.751198337242684,chemistry_to_sensory,chemistry_a
S27,infusion_color,gpr,68.235,71.75278238287508,3.517782382875083,3.517782382875083,chemistry_to_sensory,chemistry_a
S28,infusion_color,gpr,69.65395,71.61395427433352,1.960004274333528,1.960004274333528,chemistry_to_sensory,chemistry_a
S29,infusion_color,gpr,71.84,70.71281170247173,1.127188297528278,-1.127188297528278,chemistry_to_sensory,chemistry_a
S3,infusion_color,gpr,79.015,78.52510083321138,0.4898991667886179,-0.4898991667886179,chemistry_to_sensory,chemistry_a
S30,infusion_color,gpr,67.5529411764706,69.72887418856352,2.1759330120929263,2.1759330120929263,chemistry_to_sensory,chemistry_a
S4,infusion_color,gpr,70.84,75.21323803343395,4.37323803343395,4.37323803343395,chemistry_to_sensory,chemistry_a
S5,infusion_color,gpr,74.4555,76.1224103535856,1.6669103535855925,1.6669103535855925,chemistry_to_sensory,chemistry_a
S6,infusion_color,gpr,69.005,71.85817041446879,2.853170414468792,2.853170414468792,chemistry_to_sensory,chemistry_a
S7,infusion_color,gpr,79.285,72.12670648575507,7.158293514244932,-7.158293514244932,chemistry_to_sensory,chemistry_a
S8,infusion_color,gpr,78.565,73.39112585057137,5.173874149428627,-5.173874149428627,chemistry_to_sensory,chemistry_a
S9,infusion_color,gpr,75.34,75.96437211721087,0.6243721172108678,0.6243721172108678,chemistry_to_sensory,chemistry_a
S1,aroma,pls,70.61,64.67538738582886,5.934612614171144,-5.934612614171144,chemistry_to_sensory,chemistry_a
S10,aroma,pls,69.49634999999999,61.75827259800891,7.7380774019910845,-7.7380774019910845,chemistry_to_sensory,chemistry_a
S11,aroma,pls,59.99,63.36255876345822,3.3725587634582155,3.3725587634582155,chemistry_to_sensory,chemistry_a
S12,aroma,pls,74.92999999999999,72.50076959896157,2.429230401038424,-2.429230401038424,chemistry_to_sensory,chemistry_a
S13,aroma,pls,70.075,72.17616870165256,2.101168701652554,2.101168701652554,chemistry_to_sensory,chemistry_a
S14,aroma,pls,73.245,73.67188035568235,0.4268803556823428,0.4268803556823428,chemistry_to_sensory,chemistry_a
S15,aroma,pls,83.56,74.86357731077153,8.69642268922847,-8.69642268922847,chemistry_to_sensory,chemistry_a
S16,aroma,pls,80.15,81.01451352982795,0.8645135298279456,0.8645135298279456,chemistry_to_sensory,chemistry_a
S17,aroma,pls,62.07000000000001,72.54036689291543,10.470366892915422,10.470366892915422,chemistry_to_sensory,chemistry_a
S18,aroma,pls,76.985,75.82526259399333,1.15973740600667,-1.15973740600667,chemistry_to_sensory,chemistry_a
S19,aroma,pls,80.2525,74.12492086408159,6.12757913591841,-6.12757913591841,chemistry_to_sensory,chemistry_a
S2,aroma,pls,59.975,63.25490475507077,3.279904755070767,3.279904755070767,chemistry_to_sensory,chemistry_a
S20,aroma,pls,84.41499999999999,78.1155179872056,6.299482012794385,-6.299482012794385,chemistry_to_sensory,chemistry_a
S21,aroma,pls,77.135,78.58377601590226,1.4487760159022542,1.4487760159022542,chemistry_to_sensory,chemistry_a
S22,aroma,pls,78.21000000000001,83.25360618915872,5.043606189158709,5.043606189158709,chemistry_to_sensory,chemistry_a
S23,aroma,pls,79.30499999999999,79.25075776010917,0.0542422398908257,-0.0542422398908257,chemistry_to_sensory,chemistry_a
S24,aroma,pls,80.25,80.33727822019567,0.087278220195671,0.087278220195671,chemistry_to_sensory,chemistry_a
S25,aroma,pls,61.725,69.65879553998414,7.933795539984139,7.933795539984139,chemistry_to_sensory,chemistry_a
S26,aroma,pls,64.05,55.79607440826415,8.25392559173585,-8.25392559173585,chemistry_to_sensory,chemistry_a
S27,aroma,pls,63.2261,62.74108101667595,0.4850189833240534,-0.4850189833240534,chemistry_to_sensory,chemistry_a
S28,aroma,pls,64.9211,64.746261485517,0.1748385144829995,-0.1748385144829995,chemistry_to_sensory,chemistry_a
S29,aroma,pls,53.94500000000001,66.05189902212324,12.10689902212323,12.10689902212323,chemistry_to_sensory,chemistry_a
S3,aroma,pls,73.8,77.24573064851856,3.4457306485185626,3.4457306485185626,chemistry_to_sensory,chemistry_a
S30,aroma,pls,64.68823529411765,64.53270867874042,0.1555266153772265,-0.1555266153772265,chemistry_to_sensory,chemistry_a
S4,aroma,pls,63.615,69.15924933325451,5.5442493332545055,5.5442493332545055,chemistry_to_sensory,chemistry_a
S5,aroma,pls,72.99,73.18700116959346,0.197001169593463,0.197001169593463,chemistry_to_sensory,chemistry_a
S6,aroma,pls,61.425,64.97604720123815,3.5510472012381484,3.5510472012381484,chemistry_to_sensory,chemistry_a
S7,aroma,pls,78.41499999999999,67.25119146608243,11.16380853391756,-11.16380853391756,chemistry_to_sensory,chemistry_a
S8,aroma,pls,69.7,69.08284904352102,0.6171509564789801,-0.6171509564789801,chemistry_to_sensory,chemistry_a
S9,aroma,pls,73.83,75.82547177371704,1.9954717737170429,1.9954717737170429,chemistry_to_sensory,chemistry_a
S1,taste,pls,52.985,61.720662084052535,8.735662084052535,8.735662084052535,chemistry_to_sensory,chemistry_a
S10,taste,pls,57.92999999999999,59.49489306496582,1.5648930649658297,1.5648930649658297,chemistry_to_sensory,chemistry_a
S11,taste,pls,62.205,55.13586207468627,7.069137925313726,-7.069137925313726,chemistry_to_sensory,chemistry_a
S12,taste,pls,70.16,63.099814111593695,7.060185888406302,-7.060185888406302,chemistry_to_sensory,chemistry_a
S13,taste,pls,71.045,66.96118030892123,4.083819691078773,-4.083819691078773,chemistry_to_sensory,chemistry_a
S14,taste,pls,67.03999999999999,68.82086262245221,1.7808626224522186,1.7808626224522186,chemistry_to_sensory,chemistry_a
S15,taste,pls,75.965,70.26420573353633,5.700794266463674,-5.700794266463674,chemistry_to_sensory,chemistry_a
S16,taste,pls,80.685,81.38136320745352,0.6963632074535155,0.6963632074535155,chemistry_to_sensory,chemistry_a
S17,taste,pls,56.620000000000005,67.68542555183807,11.06542555183806,11.06542555183806,chemistry_to_sensory,chemistry_a
S18,taste,pls,73.86690625,68.31225235559693,5.554653894403074,-5.554653894403074,chemistry_to_sensory,chemistry_a
S19,taste,pls,80.66499999999999,73.24360114248638,7.421398857513608,-7.421398857513608,chemistry_to_sensory,chemistry_a
S2,taste,pls,59.419500000000006,54.70517338377316,4.714326616226849,-4.714326616226849,chemistry_to_sensory,chemistry_a
S20,taste,pls,77.14,71.90972620938966,5.23027379061034,-5.23027379061034,chemistry_to_sensory,chemistry_a
S21,taste,pls,72.9608875,77.39272756553707,4.431840065537074,4.431840065537074,chemistry_to_sensory,chemistry_a
S22,taste,pls,74.125,79.94785011121476,5.822850111214763,5.822850111214763,chemistry_to_sensory,chemistry_a
S23,taste,pls,74.71000000000001,75.31400248565271,0.6040024856526998,0.6040024856526998,chemistry_to_sensory,chemistry_a
S24,taste,pls,78.92,71.9375426363898,6.982457363610209,-6.982457363610209,chemistry_to_sensory,chemistry_a
S25,taste,pls,46.465,60.7288825325564,14.263882532556394,14.263882532556394,chemistry_to_sensory,chemistry_a
S26,taste,pls,44.66,42.06004743184054,2.599952568159459,-2.599952568159459,chemistry_to_sensory,chemistry_a
S27,taste,pls,48.56,50.5651006067139,2.005100606713896,2.005100606713896,chemistry_to_sensory,chemistry_a
S28,taste,pls,44.745,54.38644644915145,9.641446449151452,9.641446449151452,chemistry_to_sensory,chemistry_a
S29,taste,pls,50.2,55.01630684633594,4.816306846335941,4.816306846335941,chemistry_to_sensory,chemistry_a
S3,taste,pls,73.47,83.51887710725234,10.048877107252338,10.048877107252338,chemistry_to_sensory,chemistry_a
S30,taste,pls,51.65294117647059,54.26789062331276,2.614949446842168,2.614949446842168,chemistry_to_sensory,chemistry_a
S4,taste,pls,60.83,60.12998441370722,0.7000155862927784,-0.7000155862927784,chemistry_to_sensory,chemistry_a
S5,taste,pls,69.63,58.85507359066302,10.774926409336976,-10.774926409336976,chemistry_to_sensory,chemistry_a
S6,taste,pls,57.995000000000005,57.63390950209892,0.3610904979010811,-0.3610904979010811,chemistry_to_sensory,chemistry_a
S7,taste,pls,69.64916665,58.952122847091935,10.697043802908064,-10.697043802908064,chemistry_to_sensory,chemistry_a
S8,taste,pls,69.035,66.86172844060316,2.173271559396838,-2.173271559396838,chemistry_to_sensory,chemistry_a
S9,taste,pls,73.795,75.0040589070218,1.2090589070217987,1.2090589070217987,chemistry_to_sensory,chemistry_a
S1,overall_score,pls,66.5725,68.18835663080614,1.6158566308061353,1.6158566308061353,chemistry_to_sensory,chemistry_a
S10,overall_score,pls,65.8515,67.07253824879837,1.221038248798365,1.221038248798365,chemistry_to_sensory,chemistry_a
S11,overall_score,pls,66.062,64.99635461391853,1.0656453860814707,-1.0656453860814707,chemistry_to_sensory,chemistry_a
S12,overall_score,pls,76.4225,71.58003450459462,4.842465495405378,-4.842465495405378,chemistry_to_sensory,chemistry_a
S13,overall_score,pls,73.77525,72.3156001550088,1.4596498449912048,-1.4596498449912048,chemistry_to_sensory,chemistry_a
S14,overall_score,pls,72.874,74.26871346498235,1.3947134649823596,1.3947134649823596,chemistry_to_sensory,chemistry_a
S15,overall_score,pls,82.28475,74.53191178341778,7.752838216582219,-7.752838216582219,chemistry_to_sensory,chemistry_a
S16,overall_score,pls,82.5955,81.74711113449521,0.8483888655047878,-0.8483888655047878,chemistry_to_sensory,chemistry_a
S17,overall_score,pls,65.49625,72.63340800037504,7.137158000375038,7.137158000375038,chemistry_to_sensory,chemistry_a
S18,overall_score,pls,76.9015,74.72631503457117,2.1751849654288264,-2.1751849654288264,chemistry_to_sensory,chemistry_a
S19,overall_score,pls,81.13885,75.65377743564815,5.485072564351853,-5.485072564351853,chemistry_to_sensory,chemistry_a
S2,overall_score,pls,65.4635,64.7570716230716,0.7064283769284003,-0.7064283769284003,chemistry_to_sensory,chemistry_a
S20,overall_score,pls,82.27525,77.60846363074606,4.666786369253941,-4.666786369253941,chemistry_to_sensory,chemistry_a
S21,overall_score,pls,76.19525,80.46535198708901,4.270101987089007,4.270101987089007,chemistry_to_sensory,chemistry_a
S22,overall_score,pls,76.90775,82.26242531645092,5.354675316450923,5.354675316450923,chemistry_to_sensory,chemistry_a
S23,overall_score,pls,79.0595,79.96224481267093,0.9027448126709317,0.9027448126709317,chemistry_to_sensory,chemistry_a
S24,overall_score,pls,81.904,76.86645529586295,5.037544704137048,-5.037544704137048,chemistry_to_sensory,chemistry_a
S25,overall_score,pls,60.85125000000001,70.26488201893703,9.413632018937022,9.413632018937022,chemistry_to_sensory,chemistry_a
S26,overall_score,pls,61.74925,57.7575246016516,3.9917253983484073,-3.9917253983484073,chemistry_to_sensory,chemistry_a
S27,overall_score,pls,62.5225,63.08419376567484,0.5616937656748391,0.5616937656748391,chemistry_to_sensory,chemistry_a
S28,overall_score,pls,62.49425,65.37416445329748,2.8799144532974807,2.8799144532974807,chemistry_to_sensory,chemistry_a
S29,overall_score,pls,63.32725000000001,65.90171797112066,2.5744679711206544,2.5744679711206544,chemistry_to_sensory,chemistry_a
S3,overall_score,pls,75.8515,81.27791904314543,5.4264190431454296,5.4264190431454296,chemistry_to_sensory,chemistry_a
S30,overall_score,pls,63.92941176470588,65.6932532642994,1.763841499593518,1.763841499593518,chemistry_to_sensory,chemistry_a
S4,overall_score,pls,66.58485,69.92742404766254,3.342574047662538,3.342574047662538,chemistry_to_sensory,chemistry_a
S5,overall_score,pls,73.27425000000001,71.58541597673494,1.6888340232650734,-1.6888340232650734,chemistry_to_sensory,chemistry_a
S6,overall_score,pls,65.738,67.21771510431314,1.4797151043131436,1.4797151043131436,chemistry_to_sensory,chemistry_a
S7,overall_score,pls,76.3335,68.11216495260268,8.221335047397318,-8.221335047397318,chemistry_to_sensory,chemistry_a
S8,overall_score,pls,73.36075,71.05836534227139,2.3023846577286093,-2.3023846577286093,chemistry_to_sensory,chemistry_a
S9,overall_score,pls,75.72725,76.87041593190085,1.1431659319008531,1.1431659319008531,chemistry_to_sensory,chemistry_a
S1,appearance,catboost,72.06,76.7802652375243,4.720265237524302,4.720265237524302,recipe_to_sensory,
S10,appearance,catboost,67.825,74.29756565005157,6.472565650051564,6.472565650051564,recipe_to_sensory,
S11,appearance,catboost,70.955,79.28066756802457,8.32566756802457,8.32566756802457,recipe_to_sensory,
S12,appearance,catboost,80.85,72.46434060462806,8.385659395371931,-8.385659395371931,recipe_to_sensory,
S13,appearance,catboost,75.295,74.21871847646685,1.0762815235331544,-1.0762815235331544,recipe_to_sensory,
S14,appearance,catboost,75.72,75.11633570465169,0.6036642953483096,-0.6036642953483096,recipe_to_sensory,
S15,appearance,catboost,85.19,82.1159544553242,3.0740455446757977,-3.0740455446757977,recipe_to_sensory,
S16,appearance,catboost,85.025,76.99130438750998,8.033695612490021,-8.033695612490021,recipe_to_sensory,
S17,appearance,catboost,73.535,76.87312714298712,3.338127142987119,3.338127142987119,recipe_to_sensory,
S18,appearance,catboost,77.475,75.99079065380901,1.4842093461909798,-1.4842093461909798,recipe_to_sensory,
S19,appearance,catboost,80.74,74.29840154858218,6.441598451417818,-6.441598451417818,recipe_to_sensory,
S2,appearance,catboost,70.51,71.04027245979809,0.5302724597980841,0.5302724597980841,recipe_to_sensory,
S20,appearance,catboost,82.95,81.40854526281609,1.541454737183912,-1.541454737183912,recipe_to_sensory,
S21,appearance,catboost,75.26,77.50569626745963,2.2456962674596213,2.2456962674596213,recipe_to_sensory,
S22,appearance,catboost,75.89500000000001,73.73058770309643,2.1644122969035777,-2.1644122969035777,recipe_to_sensory,
S23,appearance,catboost,80.155,76.92619627620162,3.2288037237983787,-3.2288037237983787,recipe_to_sensory,
S24,appearance,catboost,85.22,80.93397219656323,4.286027803436767,-4.286027803436767,recipe_to_sensory,
S25,appearance,catboost,67.59,70.76229128371496,3.172291283714955,3.172291283714955,recipe_to_sensory,
S26,appearance,catboost,69.42,71.22956871011938,1.809568710119379,1.809568710119379,recipe_to_sensory,
S27,appearance,catboost,68.405,72.78049828149355,4.375498281493549,4.375498281493549,recipe_to_sensory,
S28,appearance,catboost,70.8865,73.17108337461526,2.2845833746152664,2.2845833746152664,recipe_to_sensory,
S29,appearance,catboost,72.58,74.87371280926227,2.2937128092622743,2.2937128092622743,recipe_to_sensory,
S3,appearance,catboost,76.465,78.37781361311991,1.9128136131199085,1.9128136131199085,recipe_to_sensory,
S30,appearance,catboost,72.74117647058823,72.92999455156814,0.1888180809799138,0.1888180809799138,recipe_to_sensory,
S4,appearance,catboost,71.7215,73.9637940572817,2.242294057281697,2.242294057281697,recipe_to_sensory,
S5,appearance,catboost,74.88,73.13688049093038,1.743119509069615,-1.743119509069615,recipe_to_sensory,
S6,appearance,catboost,71.825,76.77347458447225,4.948474584472251,4.948474584472251,recipe_to_sensory,
S7,appearance,catboost,77.5625,76.32396027714373,1.2385397228562738,-1.2385397228562738,recipe_to_sensory,
S8,appearance,catboost,76.675,76.81907931059965,0.1440793105996505,0.1440793105996505,recipe_to_sensory,
S9,appearance,catboost,77.795,75.96922316258718,1.8257768374128176,-1.8257768374128176,recipe_to_sensory,
S1,infusion_color,pls,72.095,74.40329729180603,2.308297291806028,2.308297291806028,recipe_to_sensory,
S10,infusion_color,pls,62.45,72.3571811604798,9.907181160479794,9.907181160479794,recipe_to_sensory,
S11,infusion_color,pls,64.55,81.0493941420746,16.499394142074607,16.499394142074607,recipe_to_sensory,
S12,infusion_color,pls,79.33,72.45945265680825,6.870547343191745,-6.870547343191745,recipe_to_sensory,
S13,infusion_color,pls,77.10499999999999,74.51482482041192,2.5901751795880728,-2.5901751795880728,recipe_to_sensory,
S14,infusion_color,pls,73.885,71.95388298451276,1.9311170154872457,-1.9311170154872457,recipe_to_sensory,
S15,infusion_color,pls,85.39,81.38626574381067,4.0037342561893325,-4.0037342561893325,recipe_to_sensory,
S16,infusion_color,pls,81.66499999999999,74.62720217080383,7.037797829196165,-7.037797829196165,recipe_to_sensory,
S17,infusion_color,pls,68.64,80.1572391308372,11.517239130837195,11.517239130837195,recipe_to_sensory,
S18,infusion_color,pls,77.265,75.4521536756566,1.812846324343397,-1.812846324343397,recipe_to_sensory,
S19,infusion_color,pls,83.6775,72.21174852370015,11.465751476299843,-11.465751476299843,recipe_to_sensory,
S2,infusion_color,pls,72.58,68.90299677435226,3.677003225647738,-3.677003225647738,recipe_to_sensory,
S20,infusion_color,pls,84.67999999999999,76.92126761149323,7.758732388506758,-7.758732388506758,recipe_to_sensory,
S21,infusion_color,pls,78.5,75.52562960840763,2.974370391592373,-2.974370391592373,recipe_to_sensory,
S22,infusion_color,pls,76.53,75.6360764349711,0.8939235650288992,-0.8939235650288992,recipe_to_sensory,
S23,infusion_color,pls,81.41,81.28842756958153,0.1215724304184675,-0.1215724304184675,recipe_to_sensory,
S24,infusion_color,pls,82.41499999999999,79.1452879289323,3.269712071067687,-3.269712071067687,recipe_to_sensory,
S25,infusion_color,pls,66.675,67.7540768326928,1.079076832692806,1.079076832692806,recipe_to_sensory,
S26,infusion_color,pls,67.715,70.88770242602152,3.172702426021516,3.172702426021516,recipe_to_sensory,
S27,infusion_color,pls,68.235,72.47637916737368,4.24137916737368,4.24137916737368,recipe_to_sensory,
S28,infusion_color,pls,69.65395,68.17607087571221,1.4778791242877816,-1.4778791242877816,recipe_to_sensory,
S29,infusion_color,pls,71.84,74.17244890789631,2.332448907896307,2.332448907896307,recipe_to_sensory,
S3,infusion_color,pls,79.015,79.58233644427779,0.5673364442777853,0.5673364442777853,recipe_to_sensory,
S30,infusion_color,pls,67.5529411764706,70.52389052370201,2.970949347231411,2.970949347231411,recipe_to_sensory,
S4,infusion_color,pls,70.84,75.49166012708369,4.651660127083687,4.651660127083687,recipe_to_sensory,
S5,infusion_color,pls,74.4555,70.48022723141403,3.975272768585967,-3.975272768585967,recipe_to_sensory,
S6,infusion_color,pls,69.005,73.30038976442488,4.295389764424883,4.295389764424883,recipe_to_sensory,
S7,infusion_color,pls,79.285,77.44226857746877,1.84273142253123,-1.84273142253123,recipe_to_sensory,
S8,infusion_color,pls,78.565,76.56622366133284,1.998776338667156,-1.998776338667156,recipe_to_sensory,
S9,infusion_color,pls,75.34,77.04965347117836,1.7096534711783562,1.7096534711783562,recipe_to_sensory,
S1,aroma,catboost,70.61,73.32405361842468,2.714053618424685,2.714053618424685,recipe_to_sensory,
S10,aroma,catboost,69.49634999999999,69.10550413470662,0.3908458652933717,-0.3908458652933717,recipe_to_sensory,
S11,aroma,catboost,59.99,78.43525020820995,18.44525020820995,18.44525020820995,recipe_to_sensory,
S12,aroma,catboost,74.92999999999999,69.51740779073708,5.412592209262911,-5.412592209262911,recipe_to_sensory,
S13,aroma,catboost,70.075,71.6156309842208,1.5406309842207977,1.5406309842207977,recipe_to_sensory,
S14,aroma,catboost,73.245,68.76239959200957,4.482600407990432,-4.482600407990432,recipe_to_sensory,
S15,aroma,catboost,83.56,77.36209739511219,6.197902604887815,-6.197902604887815,recipe_to_sensory,
S16,aroma,catboost,80.15,72.98841885862163,7.161581141378377,-7.161581141378377,recipe_to_sensory,
S17,aroma,catboost,62.07000000000001,71.2428511307019,9.172851130701886,9.172851130701886,recipe_to_sensory,
S18,aroma,catboost,76.985,71.86585305044308,5.119146949556921,-5.119146949556921,recipe_to_sensory,
S19,aroma,catboost,80.2525,71.3691965189826,8.883303481017393,-8.883303481017393,recipe_to_sensory,
S2,aroma,catboost,59.975,62.68736679355722,2.712366793557216,2.712366793557216,recipe_to_sensory,
S20,aroma,catboost,84.41499999999999,75.20433880871076,9.210661191289232,-9.210661191289232,recipe_to_sensory,
S21,aroma,catboost,77.135,74.3290450816248,2.805954918375207,-2.805954918375207,recipe_to_sensory,
S22,aroma,catboost,78.21000000000001,65.12081864870508,13.089181351294926,-13.089181351294926,recipe_to_sensory,
S23,aroma,catboost,79.30499999999999,71.27944267984034,8.025557320159649,-8.025557320159649,recipe_to_sensory,
S24,aroma,catboost,80.25,77.01396319474802,3.236036805251985,-3.236036805251985,recipe_to_sensory,
S25,aroma,catboost,61.725,63.35419363797878,1.62919363797878,1.62919363797878,recipe_to_sensory,
S26,aroma,catboost,64.05,64.36734820885819,0.317348208858192,0.317348208858192,recipe_to_sensory,
S27,aroma,catboost,63.2261,64.39307537237721,1.166975372377209,1.166975372377209,recipe_to_sensory,
S28,aroma,catboost,64.9211,70.1068235752502,5.185723575250208,5.185723575250208,recipe_to_sensory,
S29,aroma,catboost,53.94500000000001,70.80946888715091,16.864468887150906,16.864468887150906,recipe_to_sensory,
S3,aroma,catboost,73.8,74.2770513539954,0.4770513539954066,0.4770513539954066,recipe_to_sensory,
S30,aroma,catboost,64.68823529411765,70.16010503535598,5.471869741238336,5.471869741238336,recipe_to_sensory,
S4,aroma,catboost,63.615,69.03623548699427,5.42123548699427,5.42123548699427,recipe_to_sensory,
S5,aroma,catboost,72.99,68.38680667009554,4.603193329904457,-4.603193329904457,recipe_to_sensory,
S6,aroma,catboost,61.425,74.8921745608298,13.467174560829804,13.467174560829804,recipe_to_sensory,
S7,aroma,catboost,78.41499999999999,73.35711815324454,5.05788184675545,-5.05788184675545,recipe_to_sensory,
S8,aroma,catboost,69.7,70.17503895547375,0.4750389554737495,0.4750389554737495,recipe_to_sensory,
S9,aroma,catboost,73.83,72.08678180466414,1.7432181953358563,-1.7432181953358563,recipe_to_sensory,
S1,taste,ridge_a,52.985,68.60897366406503,15.623973664065034,15.623973664065034,recipe_to_sensory,
S10,taste,ridge_a,57.92999999999999,59.91250589703337,1.982505897033377,1.982505897033377,recipe_to_sensory,
S11,taste,ridge_a,62.205,78.288057992342,16.083057992342006,16.083057992342006,recipe_to_sensory,
S12,taste,ridge_a,70.16,59.718510809131,10.441489190869,-10.441489190869,recipe_to_sensory,
S13,taste,ridge_a,71.045,68.45325505278696,2.5917449472130443,-2.5917449472130443,recipe_to_sensory,
S14,taste,ridge_a,67.03999999999999,60.56235468900714,6.477645310992855,-6.477645310992855,recipe_to_sensory,
S15,taste,ridge_a,75.965,78.10756100182151,2.1425610018215053,2.1425610018215053,recipe_to_sensory,
S16,taste,ridge_a,80.685,64.57441504413086,16.110584955869143,-16.110584955869143,recipe_to_sensory,
S17,taste,ridge_a,56.620000000000005,72.71432832644606,16.09432832644606,16.09432832644606,recipe_to_sensory,
S18,taste,ridge_a,73.86690625,71.56375413357938,2.30315211642062,-2.30315211642062,recipe_to_sensory,
S19,taste,ridge_a,80.66499999999999,65.19739974204634,15.467600257953649,-15.467600257953649,recipe_to_sensory,
S2,taste,ridge_a,59.419500000000006,52.54846420996188,6.871035790038128,-6.871035790038128,recipe_to_sensory,
S20,taste,ridge_a,77.14,68.35708434869082,8.782915651309182,-8.782915651309182,recipe_to_sensory,
S21,taste,ridge_a,72.9608875,67.86131772000981,5.099569779990191,-5.099569779990191,recipe_to_sensory,
S22,taste,ridge_a,74.125,64.76598638543572,9.359013614564276,-9.359013614564276,recipe_to_sensory,
S23,taste,ridge_a,74.71000000000001,74.5342559412641,0.1757440587359013,-0.1757440587359013,recipe_to_sensory,
S24,taste,ridge_a,78.92,73.145127611601,5.774872388399004,-5.774872388399004,recipe_to_sensory,
S25,taste,ridge_a,46.465,49.35946292412885,2.8944629241288453,2.8944629241288453,recipe_to_sensory,
S26,taste,ridge_a,44.66,54.60160596087157,9.94160596087157,9.94160596087157,recipe_to_sensory,
S27,taste,ridge_a,48.56,58.18772883497221,9.62772883497221,9.62772883497221,recipe_to_sensory,
S28,taste,ridge_a,44.745,53.566942795354834,8.821942795354836,8.821942795354836,recipe_to_sensory,
S29,taste,ridge_a,50.2,63.0245458652897,12.8245458652897,12.8245458652897,recipe_to_sensory,
S3,taste,ridge_a,73.47,69.24951531622648,4.22048468377352,-4.22048468377352,recipe_to_sensory,
S30,taste,ridge_a,51.65294117647059,56.99305958037454,5.340118403903951,5.340118403903951,recipe_to_sensory,
S4,taste,ridge_a,60.83,61.55101051533739,0.7210105153373902,0.7210105153373902,recipe_to_sensory,
S5,taste,ridge_a,69.63,55.31302920712676,14.316970792873237,-14.316970792873237,recipe_to_sensory,
S6,taste,ridge_a,57.995000000000005,64.67894766245182,6.683947662451814,6.683947662451814,recipe_to_sensory,
S7,taste,ridge_a,69.64916665,73.03656650158779,3.3873998515877872,3.3873998515877872,recipe_to_sensory,
S8,taste,ridge_a,69.035,65.74954882685151,3.285451173148488,-3.285451173148488,recipe_to_sensory,
S9,taste,ridge_a,73.795,75.40787032076767,1.6128703207676691,1.6128703207676691,recipe_to_sensory,
S1,overall_score,pls,66.5725,72.57626369491915,6.003763694919144,6.003763694919144,recipe_to_sensory,
S10,overall_score,pls,65.8515,68.7586591067956,2.9071591067956035,2.9071591067956035,recipe_to_sensory,
S11,overall_score,pls,66.062,80.83806740232714,14.776067402327143,14.776067402327143,recipe_to_sensory,
S12,overall_score,pls,76.4225,68.7805572296669,7.641942770333102,-7.641942770333102,recipe_to_sensory,
S13,overall_score,pls,73.77525,73.39729793763071,0.3779520623692889,-0.3779520623692889,recipe_to_sensory,
S14,overall_score,pls,72.874,68.51345072495008,4.36054927504992,-4.36054927504992,recipe_to_sensory,
S15,overall_score,pls,82.28475,80.13567086238663,2.14907913761337,-2.14907913761337,recipe_to_sensory,
S16,overall_score,pls,82.5955,71.56588215879182,11.02961784120818,-11.02961784120818,recipe_to_sensory,
S17,overall_score,pls,65.49625,77.0620861514865,11.565836151486494,11.565836151486494,recipe_to_sensory,
S18,overall_score,pls,76.9015,75.23095275793925,1.6705472420607492,-1.6705472420607492,recipe_to_sensory,
S19,overall_score,pls,81.13885,71.56512465956638,9.573725340433626,-9.573725340433626,recipe_to_sensory,
S2,overall_score,pls,65.4635,64.14765846169654,1.3158415383034594,-1.3158415383034594,recipe_to_sensory,
S20,overall_score,pls,82.27525,74.27703570366262,7.99821429633738,-7.99821429633738,recipe_to_sensory,
S21,overall_score,pls,76.19525,73.78776923846763,2.407480761532369,-2.407480761532369,recipe_to_sensory,
S22,overall_score,pls,76.90775,71.32748297982559,5.580267020174404,-5.580267020174404,recipe_to_sensory,
S23,overall_score,pls,79.0595,78.40110515288825,0.6583948471117509,-0.6583948471117509,recipe_to_sensory,
S24,overall_score,pls,81.904,77.06666389709589,4.837336102904104,-4.837336102904104,recipe_to_sensory,
S25,overall_score,pls,60.85125000000001,62.01251321979561,1.1612632197956003,1.1612632197956003,recipe_to_sensory,
S26,overall_score,pls,61.74925,65.55254220413727,3.803292204137264,3.803292204137264,recipe_to_sensory,
S27,overall_score,pls,62.5225,67.79472423394392,5.272224233943923,5.272224233943923,recipe_to_sensory,
S28,overall_score,pls,62.49425,64.16440341309689,1.670153413096891,1.670153413096891,recipe_to_sensory,
S29,overall_score,pls,63.32725000000001,70.4975504439938,7.170300443993796,7.170300443993796,recipe_to_sensory,
S3,overall_score,pls,75.8515,76.03869331234544,0.1871933123454425,0.1871933123454425,recipe_to_sensory,
S30,overall_score,pls,63.92941176470588,66.57508869442603,2.645676929720146,2.645676929720146,recipe_to_sensory,
S4,overall_score,pls,66.58485,71.00526217286439,4.420412172864388,4.420412172864388,recipe_to_sensory,
S5,overall_score,pls,73.27425000000001,65.34493882694706,7.929311173052952,-7.929311173052952,recipe_to_sensory,
S6,overall_score,pls,65.738,71.31179476023702,5.573794760237021,5.573794760237021,recipe_to_sensory,
S7,overall_score,pls,76.3335,76.50856824895219,0.1750682489521864,0.1750682489521864,recipe_to_sensory,
S8,overall_score,pls,73.36075,72.91678829855421,0.4439617014457866,-0.4439617014457866,recipe_to_sensory,
S9,overall_score,pls,75.72725,78.15481110304093,2.427561103040929,2.427561103040929,recipe_to_sensory,
