sample_code,rater_id,appearance,infusion_color,aroma,taste,solubility,overall_score
S31,R01,,,,,,
S31,R02,,,,,,
S31,R03,,,,,,
S31,R04,,,,,,
S31,R05,,,,,,
S31,R06,,,,,,
S31,R07,,,,,,
S31,R08,,,,,,
S31,R09,,,,,,
S31,R10,,,,,,
S31,R11,,,,,,
S31,R12,,,,,,
S31,R13,,,,,,
S31,R14,,,,,,
S31,R15,,,,,,
S31,R16,,,,,,
S31,R17,,,,,,
S31,R18,,,,,,
S31,R19,,,,,,
S31,R20,,,,,,
S32,R01,,,,,,
S32,R02,,,,,,
S32,R03,,,,,,
S32,R04,,,,,,
S32,R05,,,,,,
S32,R06,,,,,,
S32,R07,,,,,,
S32,R08,,,,,,
S32,R09,,,,,,
S32,R10,,,,,,
S32,R11,,,,,,
S32,R12,,,,,,
S32,R13,,,,,,
S32,R14,,,,,,
S32,R15,,,,,,
S32,R16,,,,,,
S32,R17,,,,,,
S32,R18,,,,,,
S32,R19,,,,,,
S32,R20,,,,,,
